Date,Latitude,Longitude,Glacier_Volume_million_m3,Lake_Level_m,Temperature_C,GLOF_Occurred,Melt_Risk
2024-01-07,0.42934528852430276,0.2155132478530959,0.38426966292134834,0.10592580157797554,0.17273954116059378,0.0,0.08736634777715252
2024-02-02,0.1282257247025882,0.7355619845649244,0.2584269662921348,0.18549605506127248,0.99055330634278,1.0,0.324563871693866
2024-02-11,0.26436385100134885,0.1515217015955841,0.2247191011235955,0.784119523249958,0.03846153846153849,0.0,0.6277433877321329
2024-02-09,0.7311971153030186,0.2535668246185878,0.9595505617977528,0.29293268423703206,0.6983805668016194,0.0,0.3536859876195836
2024-01-31,0.3686784110127519,0.32041415546416374,0.1797752808988764,0.28940741984220236,0.9237516869095816,1.0,0.3977208778840743
2024-02-14,0.08605082878426629,0.259655178035473,0.0449438202247191,0.5947624643276817,0.3616734143049932,0.0,0.5364378165447383
2024-01-15,0.489726135777687,0.32061241084659287,0.17752808988764046,0.8955850260198086,0.7010796221322537,1.0,0.859313449634215
2024-03-20,0.84099481008559,0.009187417082898719,0.6561797752808989,0.05707570924962235,0.7503373819163293,1.0,0.16685424873382104
2024-03-03,0.280190714208004,0.7552824184157316,0.8134831460674158,0.0872922612053047,0.854251012145749,1.0,0.2138435565559932
2024-01-14,0.9983661291616954,0.5037656334940266,0.7191011235955056,0.9927816014772537,0.17543859649122806,0.0,0.831176139561058
2024-01-04,0.44473229277690507,0.5715455847140447,0.44044943820224725,0.38861843209669295,0.2496626180836707,1.0,0.340320765334834
2024-03-13,0.27702929550019917,0.8019357496560815,0.7999999999999999,0.8808124895081415,0.5863697705802968,1.0,0.8230163196398423
2024-02-21,0.434640562865809,0.9803455380010746,0.8696629213483147,0.20882994796038273,0.35290148448043185,1.0,0.2111705120990433
2024-02-13,0.45401209706011514,0.7195229013465223,0.15056179775280898,0.04331039113647811,0.3603238866396761,0.0,0.0740011254924029
2024-03-04,0.28620529012960105,0.06534795647155534,0.14157303370786511,0.14671814671814676,0.9790823211875843,1.0,0.2896736072031514
2024-03-14,0.4707929092720633,0.6951997625004651,0.20674157303370783,0.9424206815511162,0.5897435897435898,1.0,0.8753517163759144
2024-03-12,0.8041168750679617,0.5010695008576249,0.3640449438202247,0.742152089978177,0.7732793522267206,1.0,0.7457794034890265
2024-03-19,0.4143681236367911,0.8482988417430306,0.9303370786516852,0.02383750209837171,0.14237516869095818,0.0,0.012239729881823258
2024-03-17,0.1702410848844238,0.8363723213570893,0.8651685393258426,0.44032230988752724,1.0,1.0,0.5400956668542487
2024-04-03,0.7377417543106048,0.7776715345542016,0.5662921348314606,0.8984388114822899,0.092442645074224,0.0,0.7348058525604952
2024-01-29,0.6654335395792259,0.4781365258718324,0.8337078651685393,0.7332549941245594,0.07894736842105263,1.0,0.5935565559932471
2024-01-01,0.6729959497079108,0.18621544002667179,0.5280898876404494,0.22645626993453077,0.6889338731443995,1.0,0.2960045019696116
2024-01-04,0.472553547749726,0.15420809925342382,0.20224719101123595,0.30619439315091485,0.35290148448043185,1.0,0.29276871131119864
2024-02-19,0.5172487077198298,0.05528916970274622,0.6719101123595506,0.4586201107940239,0.4885290148448043,0.0,0.44879009566685424
2024-04-02,0.4123340617531994,0.17952255533907646,0.27191011235955054,0.017122712774886695,0.15856950067476383,0.0,0.009988745075970695
2024-03-09,0.03535060182065308,0.6230056789257787,0.21123595505617976,0.03642773207990602,0.25303643724696356,0.0,0.04586381541924589
2024-02-04,0.22434521911969796,0.0,0.08089887640449439,0.005036091992613734,0.4291497975708502,0.0,0.05627462014631396
2024-02-24,0.38220799948157946,0.6500512084691081,0.7910112359550561,0.46231324492194065,0.9048582995951415,0.0,0.5386888013505908
2024-01-04,0.20032042601150124,0.6507428473005348,0.23146067415730337,0.1594762464327682,0.6160593792172739,0.0,0.22467642093415868
2024-01-29,0.09771225699284969,0.938378398022337,0.22696629213483144,0.0,0.5958164642375168,0.0,0.08680360157568934
2024-02-24,0.7492274974280235,0.6913479252402794,0.651685393258427,0.34715460802417325,0.855600539811066,0.0,0.4319077096229601
2024-04-08,0.01960365834759159,0.8986224367153,0.35730337078651686,0.9665939231156622,0.6686909581646423,0.0,0.9120709060213843
2024-01-09,0.2726515930995106,0.7496623927912651,0.9797752808988763,0.967601141514185,0.2894736842105263,1.0,0.8338491840180078
2024-03-23,0.34838300467589534,0.2425779006423454,0.5797752808988763,0.4979016283364109,0.5931174089068826,0.0,0.5035171637591446
2024-01-07,0.954714193604957,0.521121083741491,0.346067415730337,0.041631693805606884,0.8124156545209176,0.0,0.16685424873382104
2024-02-25,0.7378833793460444,0.13051350280477436,0.11460674157303372,0.8254154775893907,0.38124156545209176,0.0,0.7338210467079347
2024-02-15,0.7279023965097622,0.6679136115329811,0.6629213483146067,0.8361591405069666,0.32118758434547906,0.0,0.7303038829487901
2024-01-10,0.8546431154470611,0.40956809476995204,0.498876404494382,0.8510995467517206,0.25775978407557354,1.0,0.7296004501969612
2024-01-01,0.41723585285450326,0.49177625367360633,0.4651685393258427,0.19237871411784452,0.1349527665317139,0.0,0.1519414743950478
2024-01-04,0.2095882639337674,0.9951717409234107,0.6426966292134831,0.9221084438475744,0.5067476383265856,1.0,0.8410241980866628
2024-01-05,0.8607339927634143,0.8530806204106511,0.49213483146067416,0.09115326506630855,0.7732793522267206,0.0,0.20019696117051206
2024-01-29,0.7875996658413555,0.9866681806497581,0.8337078651685393,0.25868725868725867,0.7577597840755735,0.0,0.33736634777715246
2024-02-06,0.3616800784297425,0.7166567952580181,0.26516853932584267,0.052543226456269965,0.8927125506072875,1.0,0.1927405740011255
2024-02-13,0.7988978028930092,0.6548117322156486,0.3235955056179775,0.7231828101393318,0.31039136302294196,0.0,0.6333708497467642
2024-01-07,0.7587528140201698,0.13094790361390096,0.026966292134831454,0.5962732919254659,0.7206477732793521,0.0,0.612549240292628
2024-02-13,0.21347322941858238,0.8916773234487891,0.7617977528089888,0.2301494040624476,0.6707152496626181,1.0,0.29530106921778276
2024-03-21,0.5729421870091187,0.9503200057285994,0.3348314606741573,0.5140171227127748,0.97638326585695,0.0,0.5969330332020258
2024-02-22,0.8233098368516494,0.575560840756907,0.40224719101123585,0.8455598455598456,0.7881241565452091,0.0,0.8355374226223973
2024-02-27,0.6048130397416571,0.690992100108474,0.02247191011235955,0.27077387946953163,0.2840755735492577,0.0,0.24873382104670794
2024-01-09,0.09684349785351287,0.716195762627649,0.3932584269662921,0.3751888534497229,0.5856950067476383,1.0,0.39912774338773216
2024-01-26,0.3892429554192063,0.8692079918454283,0.3033707865168539,0.9615578311230484,0.03846153846153849,1.0,0.7764490714687675
2024-03-22,0.9013629210325007,0.0034294146929596536,0.397752808988764,0.22880644619775053,0.7408906882591093,1.0,0.30880697805289814
2024-03-22,0.8937462204830808,0.283190509663541,0.9775280898876403,0.023501762632197443,0.4257759784075573,1.0,0.07104670793472145
2024-01-31,0.13727075762409413,0.29790602290290735,0.844943820224719,0.7733758603323821,0.4082321187584345,0.0,0.6958356781091729
2024-04-09,0.10101513431419562,0.9162881676055576,0.026966292134831454,0.49571932180627826,0.8906882591093117,0.0,0.5637310073157006
2024-01-03,0.6784195856742485,0.3154117182847358,0.7617977528089888,0.28470706731576306,0.23549257759784076,0.0,0.2502813731007315
2024-03-10,0.10550214486960385,0.3173257111075145,0.07865168539325842,0.8557998992781601,0.9865047233468285,1.0,0.8854811480022511
2024-01-18,0.8266537269549872,0.29587376361928364,0.6898876404494382,0.28319623971797886,0.9466936572199729,1.0,0.39729881823297686
2024-03-19,0.5611342259967955,0.7917273411702581,0.6674157303370786,0.7735437300654691,0.0,0.0,0.6108610016882385
2024-01-07,0.9473161980316149,0.9577167125705728,0.8426966292134832,0.5989592076548598,0.19095816464237517,0.0,0.5043612830613393
2024-03-18,0.20304474084912272,0.599293034680386,0.8696629213483147,0.7993956689608863,0.8225371120107963,0.0,0.8040236353404613
2024-03-31,0.3962126573782143,0.5069870535943437,0.6269662921348313,0.2674164848077892,0.7449392712550607,0.0,0.3420090039392234
2024-02-21,0.982650664165476,0.22564670150711663,0.6561797752808989,0.06563706563706567,0.9176788124156545,0.0,0.2089195272931907
2024-01-22,0.7792062570919143,0.09528815111252698,0.3370786516853932,0.39264730569078404,0.8184885290148447,1.0,0.4622960045019696
2024-02-06,0.22206532050427086,0.6053512207051881,0.9011235955056179,0.1272452576800403,0.8852901484480431,0.0,0.2537985368598762
2024-03-18,0.407749331600769,0.5091226698741593,0.9101123595505617,0.3145878798052711,0.5350877192982456,0.0,0.3377884074282499
2024-04-08,0.7717781503613423,0.8889076711619737,0.05393258426966291,0.8264226959879133,0.48245614035087714,0.0,0.7557681485649972
2024-01-01,0.12719084260123736,0.32878958692083415,0.2741573033707865,0.9170723518549606,0.9966261808367072,1.0,0.9389420371412494
2024-03-15,0.36607053354549635,0.03134544512352022,0.8898876404494381,0.35890548934027194,0.009446693657219951,0.0,0.26533483398987057
2024-02-06,0.2487327360675522,0.2831823894750869,0.45168539325842694,0.2912539869061607,0.8798920377867745,1.0,0.3901238041643219
2024-01-01,0.16170367981754907,0.49808832343546783,0.5325842696629213,0.0021823065301326827,0.25506072874493924,1.0,0.01758581879572313
2024-03-10,0.12666717352857404,0.4510518307305347,0.3146067415730337,0.3392647305690784,0.5350877192982456,1.0,0.35846933033202033
2024-04-03,0.9750497015440374,0.07559520699055611,0.35056179775280893,0.6938056068490852,0.037112010796221284,1.0,0.5517726505346089
2024-02-27,0.15778084749399568,0.3238697774332877,0.9213483146067415,0.3315427228470707,0.5654520917678812,0.0,0.3583286437816544
2024-02-27,0.5776462391443715,0.6640305313311501,0.39101123595505616,0.615410441497398,0.5668016194331984,1.0,0.5965109735509285
2024-03-14,0.38334545147733934,0.4717684772839448,0.34831460674157305,0.8551284203458116,0.688259109311741,0.0,0.8227349465391107
2024-03-11,0.9374570678612599,0.3031191680357779,0.604494382022472,0.8044317609535001,0.7192982456140351,0.0,0.7867191896454699
2024-02-29,0.028215065277493068,0.14396093768391438,0.7123595505617978,0.024844720496894457,0.45209176788124156,1.0,0.07765897580191328
2024-01-05,0.9646026422969385,0.808860560808057,0.8134831460674158,0.39264730569078404,0.42105263157894735,1.0,0.37943162633652217
2024-03-05,0.33750389598958463,0.46352657100646866,0.4539325842696629,0.6595601812993117,0.6180836707152497,0.0,0.6442037141249296
2024-02-03,0.9493458131620969,0.09747637918962937,0.7842696629213481,0.7194896760114151,0.8279352226720648,0.0,0.738182329769274
2024-01-04,0.20345848421777646,0.9823758146711725,0.7415730337078652,0.41782776565385266,0.26113360323886636,1.0,0.36719189645469896
2024-02-25,0.08757048663386513,0.8484549208640146,0.6134831460674156,0.5618599966426054,0.3340080971659919,1.0,0.5030951041080473
2024-03-11,0.2356321960949117,0.23256116510435731,0.7123595505617978,0.25029377203290243,0.7172739541160593,1.0,0.3218908272369161
2024-01-28,0.6261628212662913,0.3028754962640505,0.7258426966292134,0.03458116501594766,0.5006747638326585,0.0,0.0959482273494654
2024-01-17,0.9415997928795719,0.1734077335645452,0.9011235955056179,0.9820379385596776,0.1241565452091768,1.0,0.811480022509848
2024-02-18,0.45355422039676796,0.9812596633946669,0.5415730337078651,0.11818029209333564,0.6808367071524966,0.0,0.20357343837929093
2024-01-29,0.7286940056702633,0.37718900830248003,0.5752808988764044,0.1175088131609871,0.8994601889338731,0.0,0.24859313449634213
2024-02-14,0.13799127311182247,0.4356594116013639,0.8831460674157302,0.7654859828772873,0.1794871794871795,1.0,0.6415306696679798
2024-03-04,0.8901466057402558,0.10269798883314252,0.7168539325842697,0.5947624643276817,0.4082321187584345,1.0,0.5461451885199775
2024-02-16,0.493303099310765,0.4118936121714114,0.6561797752808989,0.5271109618935705,0.5256410256410257,1.0,0.5139279684862127
2024-02-14,0.031715148719285935,0.7169276061912342,0.3887640449438201,0.9430921604834648,0.9581646423751686,1.0,0.9527293190770962
2024-04-07,0.12075258014192514,0.7277660517025879,0.5415730337078651,0.8865200604331038,0.8987854251012144,1.0,0.8929375351716375
2024-03-17,0.09560573420577612,0.5523986165217138,0.9191011235955057,0.836662749706228,0.21997300944669365,1.0,0.7096229600450197
2024-02-06,0.0985137019032436,0.07642321722642009,0.4606741573033708,0.18902131945610207,0.6497975708502024,0.0,0.2564715813168261
2024-03-03,0.6956343133031169,0.04731886251659034,0.7280898876404495,0.8979352022830285,0.02631578947368418,1.0,0.7205965109735509
2024-02-19,0.34349224938137013,0.4733744478993458,0.4224719101123595,0.763807285546416,0.6653171390013495,0.0,0.741418120427687
2024-02-09,0.7258790678605465,0.7448297385252545,0.06516853932584268,0.7832801745845226,0.08029689608636975,0.0,0.6357625211029826
2024-03-21,0.08870508913128106,0.46655339861763423,0.696629213483146,0.4292429075037771,0.3974358974358974,0.0,0.40517726505346097
2024-03-17,0.5257263056919896,0.26953151327631986,0.05168539325842697,0.8640255161994292,0.6761133603238867,1.0,0.8276589758019133
2024-02-07,0.5750523895788433,0.3284950589240907,0.042696629213483134,0.9684404901796204,0.010121457489878583,0.0,0.7763083849184018
2024-03-08,0.10548468392369159,0.7781723930701219,0.7101123595505617,0.05237535672318283,0.9730094466936572,1.0,0.20934158694428806
2024-01-07,0.7122130821396127,0.21610915809571907,0.36629213483146067,0.9546751720664763,0.20512820512820512,1.0,0.8054305008441194
2024-03-30,0.77160534214363,0.6349722446155965,0.6112359550561798,0.7829444351183481,0.4251012145748988,1.0,0.7073719752391672
2024-02-17,0.14682049641851336,0.0988781432495216,0.9797752808988763,0.6783615914050696,0.9919028340080971,1.0,0.7379009566685425
2024-01-02,0.029803830721050417,0.0105129740660459,0.8741573033707865,0.26053382575121703,0.918353576248313,0.0,0.3723972988182329
2024-01-15,0.10364421828626291,0.8449871298595326,0.013483146067415713,0.5502769850595937,0.5398110661268556,0.0,0.5362971299943725
2024-02-05,0.7921052112294547,0.47312751189531355,0.7213483146067416,0.0872922612053047,0.2631578947368421,0.0,0.09060213843556553
2024-02-15,0.3663806008575534,0.18944327619385604,0.8067415730337079,0.9513177774047339,0.1970310391363023,1.0,0.8009285312324141
2024-01-13,0.1499903807393821,0.36031870469332716,0.7393258426966292,0.7656538526103742,0.04858299595141696,0.0,0.6143781654473832
2024-01-21,0.9884974054802456,0.24345201943299344,0.6898876404494382,0.9786805438979354,0.6639676113360324,0.0,0.9212155317951605
2024-03-23,0.03726447984843162,0.6051974732225744,0.9303370786516852,0.12069833808964248,0.49595141700404854,1.0,0.1671356218345526
2024-01-16,0.529206360961382,0.21785300830401866,0.34831460674157305,0.4139667617928487,0.004723346828609976,1.0,0.3104952166572875
2024-03-23,0.8273947469185146,0.14051675574069122,0.7348314606741573,0.4738962565049521,0.4257759784075573,1.0,0.4485087225661226
2024-03-11,0.5644494526041512,0.29687016755417517,0.8561797752808988,0.1195232499580326,0.6889338731443995,1.0,0.20638716938660667
2024-03-27,0.90788546190754,0.43609375806761363,0.5258426966292135,0.4384757428235689,0.21997300944669365,1.0,0.3759144625773776
2024-03-17,0.7990805323536847,0.028849131629385738,0.27191011235955054,0.6157461809635723,0.9676113360323886,1.0,0.6803601575689364
2024-03-05,0.1850704470191431,0.27392904968496623,0.4898876404494382,0.9535000839348666,0.4197031039136302,0.0,0.8491840180078785
2024-02-19,0.9133850516066673,0.43350565876630753,0.546067415730337,0.1742487829444352,0.5843454790823212,0.0,0.23044456949915593
2024-01-12,0.270803332843343,0.39880417675465196,0.31011235955056177,0.05287896592244423,0.35290148448043185,1.0,0.08047270680922902
2024-01-12,0.17849759679211274,0.5227054110866902,0.4719101123595505,0.10139331878462321,0.786774628879892,1.0,0.21159257175014068
2024-04-06,0.34999753079461016,0.15500808392869203,0.06292134831460675,0.9182474399865703,0.8940620782726045,1.0,0.9185424873382104
2024-04-04,0.6419538858593796,0.7012290375483872,0.02247191011235955,0.06630854456941415,0.5526315789473684,0.0,0.13337084974676416
2024-03-10,0.1388478636249033,0.8099868076858456,0.7775280898876404,0.7960382742991439,0.08906882591093118,1.0,0.6482836240855374
2024-01-03,0.5684697317612404,0.2935417293191449,0.7460674157303371,0.647809299983213,0.11808367071524967,0.0,0.530106921778278
2024-03-01,0.2924131640980363,0.8389645875818132,0.28314606741573034,0.5799899278160148,0.7550607287449393,0.0,0.6060776589758019
2024-03-30,0.35482780343909326,0.6821776731451337,0.38426966292134834,0.3053550444854793,0.6201079622132254,1.0,0.3477771525042206
2024-03-20,0.604241699065426,0.7465042628897436,0.29213483146067415,0.945945945945946,0.5391363022941971,0.0,0.8677546426561622
2024-01-04,0.07580510675649066,0.9281603005061925,0.06067415730337078,0.013765318113144243,0.8265856950067476,0.0,0.14645469893078217
2024-02-27,0.20367210491468768,0.05546516064032403,0.03820224719101123,0.49303340607688434,0.40283400809716596,1.0,0.4597636465953855
2024-03-25,0.8463836715505408,0.0648639379312499,0.8561797752808988,0.06865872083263386,0.3609986504723347,0.0,0.09538548114800222
2024-02-29,0.23018511574196054,0.4061526967982445,0.651685393258427,0.7713614235353365,0.4844804318488529,1.0,0.710045019696117
2024-01-22,0.9420211140386527,0.9249977030531227,0.19775280898876402,0.8828269263051871,0.27530364372469635,1.0,0.7598480585256049
2024-01-04,0.9660987115374269,0.7288978602827001,0.7348314606741573,0.1428571428571429,0.7118758434547907,1.0,0.23072594259988743
2024-04-03,0.6580645737095665,0.4466118603220366,0.10786516853932585,0.08611717307369487,0.771255060728745,0.0,0.19555430500844118
2024-02-04,0.06738439829331355,0.07251815187078137,0.6292134831460674,0.6088635219070002,0.09514170040485831,0.0,0.49268429938097913
2024-02-17,0.9853775062693444,0.6581485908233162,0.8224719101123596,0.6353869397347658,0.7179487179487178,0.0,0.6447664603263927
2024-01-08,0.8035541172970966,0.528390703875175,0.24269662921348317,0.8693973476582173,0.17139001349527663,1.0,0.7269274057400112
2024-03-01,0.3866087605689472,0.016521137126233043,0.2449438202247191,0.766325331542723,0.4251012145748988,1.0,0.6934440067529545
2024-01-31,0.18131347832206757,0.6002401232909733,0.10337078651685391,0.9127077387946954,0.18690958164642374,0.0,0.7664603263927969
2024-03-07,0.499656851103623,0.2635662905336176,0.5078651685393258,0.6133960047003526,0.9480431848852902,1.0,0.6743106359032076
2024-02-24,0.40637236852109027,0.3051551797760794,0.07415730337078649,0.7460130938391807,0.2543859649122807,1.0,0.6408272369161507
2024-03-09,0.6849965123111019,0.7444733369649157,0.844943820224719,0.7042135303004868,0.145748987854251,1.0,0.583145751266179
2024-01-12,0.3851291414202933,0.5328055193418777,0.4764044943820225,0.6934698673829109,0.47165991902834004,0.0,0.6420934158694428
2024-03-02,0.8034350554666503,0.8743816007333862,0.844943820224719,0.431928823233171,0.8900134952766532,1.0,0.5101294316263365
2024-02-20,0.21189014301052111,0.6156631698005413,0.546067415730337,0.24827933523585705,0.3609986504723347,1.0,0.2459200900393922
2024-04-02,0.2966243909941113,0.7510839831361409,0.6404494382022471,0.7142857142857144,0.4473684210526316,0.0,0.6544738323016319
2024-03-28,0.19280850115274006,0.5330724308855679,0.5707865168539326,0.36914554305858654,0.7489878542510122,1.0,0.4281091727630838
2024-03-06,0.6605192607338495,0.13689649814830318,0.8224719101123596,0.1312741312741313,0.08097165991902835,0.0,0.08947664603263927
2024-02-07,0.8320672926063821,0.9882124236397658,0.4044943820224719,0.7248615074702032,0.9433198380566801,0.0,0.7667416994935283
2024-03-03,0.13655428372874212,0.6835763862760587,0.5213483146067416,0.545073023333893,0.8994601889338731,1.0,0.6069217782779966
2024-03-15,0.4994669377955461,0.1314412673584684,0.31685393258426964,0.3951653516870908,0.45681511470985153,0.0,0.38899831176139554
2024-01-14,0.21123983892340448,0.1340940724471693,0.4426966292134832,0.024341111297633056,0.25101214574898784,0.0,0.03531232414181201
2024-01-29,0.6946156524455773,0.7062308235921364,0.7235955056179775,0.8858485815007555,0.7321187584345479,1.0,0.8576252110298257
2024-03-31,0.4701289045328281,0.019858299926340806,0.8921348314606742,0.05539701191875107,0.24021592442645073,0.0,0.059088351153629703
2024-02-16,0.8776920073246401,0.858561093031085,0.6224719101123595,0.47272116837334227,0.9520917678812415,1.0,0.5572594259988745
2024-02-29,0.7265381532549782,0.11749700825532727,0.298876404494382,0.8287728722511332,0.6329284750337382,0.0,0.7891108610016884
2024-04-08,0.18969999466185072,0.8332186294778694,0.8853932584269663,0.8410273627664933,0.9581646423751686,1.0,0.867191896454699
2024-02-11,0.1529260862195656,0.584492188415993,0.6719101123595506,0.9723014940406245,0.08974358974358973,1.0,0.7961451885199773
2024-02-15,0.5555749302544655,0.6996085690772134,0.948314606741573,0.5015947624643275,0.5958164642375168,1.0,0.5071750140686551
2024-01-04,0.6465079172651826,0.7830953082303722,0.8224719101123596,0.01661910357562535,0.6815114709851552,1.0,0.11859876195835678
2024-02-17,0.4677839923617739,0.6230434874170214,0.8853932584269663,0.6662749706227968,0.30836707152496623,0.0,0.5852560495216658
2024-03-14,0.6076493345167364,0.3229895010127848,0.8134831460674158,0.8873594090985395,0.9089068825910931,1.0,0.8957512661789531
2024-01-14,0.2231276847346635,0.49183147182804987,0.8089887640449438,0.5418834984052374,0.9021592442645074,0.0,0.6048114800225098
2024-02-14,0.3873923263944903,0.7360648675704624,0.02921348314606742,0.04952157126070167,0.4790823211875843,0.0,0.1039673607203151
2024-01-10,0.15509291773201994,0.42403680626648566,0.9775280898876403,0.9927816014772537,0.9851551956815114,0.0,1.0
2024-02-12,0.6673917804443477,0.4609813261550926,0.6359550561797752,0.0016786973308712816,0.8839406207827261,1.0,0.1482836240855374
2024-01-16,0.21130024249350754,0.7893161863152045,0.3191011235955056,0.07251972469363777,0.2732793522267206,1.0,0.08033202025886321
2024-02-23,0.9901508354088833,0.5471720113190486,0.9932584269662922,0.345475910693302,0.31713900134952766,1.0,0.3182329769274057
2024-02-05,0.5460605586706038,0.2671174959416476,0.29213483146067415,0.39231156622460966,0.9433198380566801,0.0,0.4880416432189083
2024-01-29,0.9233680125773844,0.12652469989677684,0.6337078651685393,0.27396340439818706,0.2800269905533063,1.0,0.2505627462014631
2024-02-26,0.24800223755858042,0.34428350910104655,0.0449438202247191,0.33271781097868064,0.8387314439946019,0.0,0.4162915025323579
2024-01-23,0.7354796353592405,0.9800580214438241,0.17752808988764046,0.5447372838677187,0.20647773279352227,0.0,0.4621553179516038
2024-01-04,0.4909790572361885,0.3514939770620913,0.49662921348314615,0.45375188853449716,0.5222672064777327,0.0,0.4517445132245357
2024-03-05,0.9811908504929079,0.26656807562767426,0.21123595505617976,0.06647641430250129,0.6828609986504723,1.0,0.16066404051772648
2024-02-16,0.4770983222693985,0.9509399392554769,0.793258426966292,0.6753399362095014,0.3765182186234818,1.0,0.6070624648283623
2024-01-08,0.18904806216357883,0.3413597953496037,0.3820224719101123,0.839516535168709,0.5661268556005398,0.0,0.7841868317388858
2024-03-11,0.8399920441140694,0.8697292312155014,0.04719101123595504,0.11280846063454764,0.7172739541160593,1.0,0.20666854248733818
2024-03-29,0.04346620212828611,0.18683489119564456,0.9617977528089886,0.4868222259526607,0.14439946018893388,0.0,0.40067529544175584
2024-01-22,0.9879947831321942,0.5027073544613359,0.8494382022471909,0.6419338593251636,0.45883940620782726,0.0,0.5962296004501969
2024-02-24,0.772834745880175,0.057389584144971195,0.10561797752808988,0.07940238375020986,0.18353576248313092,0.0,0.06738885762521102
2024-02-12,0.13181057742070834,0.9489237354175657,0.5415730337078651,0.05355044485479271,0.18218623481781376,0.0,0.04544175576814852
2024-02-24,0.388250273349513,0.6311495131678839,0.7820224719101123,0.12875608527782445,0.07017543859649122,0.0,0.0851153629712999
2024-02-27,0.6507705224138931,0.636611990314691,0.7820224719101123,0.36662749706227965,0.9048582995951415,1.0,0.4584974676420934
2024-01-19,0.40627480081712974,0.985223439723427,0.8314606741573034,0.3167701863354037,0.645748987854251,0.0,0.36268992684299384
2024-02-26,0.8524680902100386,0.9366264580993402,0.35955056179775274,0.4596273291925465,0.8319838056680162,1.0,0.5212436691052336
2024-02-15,0.7928791765403957,0.5191971872453678,0.2157303370786517,0.2326674500587545,0.688259109311741,0.0,0.30106921778277995
2024-03-27,0.4709129467097455,0.6656131506429119,0.4157303370786516,0.7802585193889542,0.4730094466936572,0.0,0.7151097355092852
2024-03-21,0.14041534041098203,0.6960326419977036,0.6696629213483145,0.7651502434111128,0.44601889338731443,1.0,0.6968204839617331
2024-02-21,0.319766102602955,0.9464462672808622,0.9662921348314607,0.39180795702534826,0.5701754385964912,0.0,0.4098199212155318
2024-03-11,0.17873942346619742,0.43365015837389365,0.5528089887640449,0.3837502098371664,0.3690958164642375,1.0,0.36114237478897016
2024-01-25,0.2425992080591186,0.5620644304889311,0.6449438202247191,0.08897095853617593,0.7564102564102564,1.0,0.19485087225661224
2024-03-04,0.6097728006021157,0.9251664450363251,0.6764044943820224,0.5618599966426054,0.9116059379217274,1.0,0.6235227912211593
2024-03-19,0.8474650010691107,0.6307451590328128,0.8134831460674158,0.6588887023669632,0.8529014844804319,1.0,0.6925998874507597
2024-03-03,0.9672581820635742,0.020095013014497454,0.16404494382022472,0.8334732247775727,0.20850202429149797,1.0,0.7045582442318514
2024-01-04,0.2022598193696581,0.5427387634825891,0.32584269662921345,0.6090313916400871,0.1349527665317139,0.0,0.5011254924029263
2024-01-28,0.09179661735657874,0.697118218600508,0.6741573033707865,0.894577807621286,0.6720647773279351,1.0,0.8524198086662915
2024-03-07,0.3962009694215567,0.8087446054328211,0.9191011235955057,0.6630854456941415,0.7516869095816463,1.0,0.6750140686550367
2024-02-29,0.44143915715233106,0.3444995336702732,0.4044943820224719,0.6216216216216215,0.10256410256410256,0.0,0.5049240292628024
2024-02-16,0.0,1.0,0.10786516853932585,0.8502601980862852,0.30026990553306343,0.0,0.7377602701181767
2024-02-20,0.8922058155584978,0.885191656344773,0.7685393258426967,0.7508813160987073,0.3090418353576248,0.0,0.6563027574563871
2024-02-21,0.7391730896099489,0.6059628933447812,0.4112359550561797,0.2491186839012926,0.6194331983805668,0.0,0.3005064715813168
2024-01-02,0.5259796298999504,0.33179479644275034,0.6943820224719102,0.7864696995131779,0.01282051282051283,1.0,0.624366910523354
2024-02-07,0.4054543200390981,0.35747642393812384,0.0,0.15863689776733253,0.12550607287449395,1.0,0.12169386606640403
2024-04-07,0.34702409604824425,0.5546547130512636,0.11910112359550562,0.6808796374013766,0.24696356275303644,1.0,0.5846933033202025
2024-02-07,0.85176687899218,0.8061181895988057,0.9707865168539326,0.5012590229981535,0.04048582995951422,0.0,0.39110861001688235
2024-01-02,0.29051384413776304,0.06839125665089796,0.9617977528089886,0.945945945945946,0.09311740890688258,1.0,0.7747608328643782
2024-03-24,0.11889257296166988,0.018824987066864196,0.444943820224719,0.9101896927983884,0.7881241565452091,1.0,0.8897017445132245
2024-02-23,0.681232377990284,0.9370462510978541,0.4089887640449438,0.13412791673661245,0.6902834008097166,1.0,0.21890827236916155
2024-01-18,0.534782996108504,0.45493315968974457,0.6921348314606741,0.31089474567735437,0.3157894736842105,0.0,0.28897017445132245
2024-03-20,0.6556287386857207,0.5379515738914051,0.44719101123595506,0.1272452576800403,0.3522267206477733,0.0,0.14265616207090603
2024-02-07,0.5139227948590133,0.8573832346131667,0.6674157303370786,0.7312405573275138,0.41700404858299595,0.0,0.6623522791221159
2024-01-27,0.04858220714066874,0.0962972255421164,0.5168539325842697,0.25449051536008055,0.8562753036437247,0.0,0.3543894203714125
2024-01-25,0.260975097720177,0.32223103203477876,0.07640449438202246,0.7275474231995971,0.4790823211875843,0.0,0.6722003376477209
2024-02-15,0.840310955584755,0.09178803395741397,0.45842696629213475,0.6315259358737619,0.30026990553306343,0.0,0.5544456949915588
2024-03-10,0.4477808645511345,0.6109617498227635,0.7258426966292134,0.5281181802920933,0.3873144399460189,1.0,0.4859313449634215
2024-04-08,0.7218846710887306,0.08093367531455442,0.03820224719101123,0.8302836998489174,0.0796221322537112,1.0,0.6750140686550367
2024-03-09,0.6636977630205365,0.49317061118483707,0.298876404494382,0.7676682894074198,0.6349527665317138,1.0,0.7383230163196399
2024-01-20,0.5204705897915574,0.8864888669992297,0.247191011235955,0.7533993620950143,0.014844804318488503,0.0,0.5970737197523918
2024-03-05,0.9186220626552313,0.8749172236417735,0.1595505617977528,0.1512506295114991,0.4143049932523617,1.0,0.17571750140686548
2024-03-04,0.4370995861962115,0.32072319287647133,0.4561797752808989,0.8781265737787476,0.002699055330634248,1.0,0.6990714687675859
2024-02-11,0.9276621506539868,0.47173652656010745,0.8898876404494381,0.8472385428907168,0.034412955465587036,1.0,0.6797974113674732
2024-01-07,0.9291687875071943,0.9843171186050768,0.6831460674157303,0.7105925801577977,0.641025641025641,0.0,0.691755768148565
2024-01-31,0.9455850240856876,0.08646659859061856,0.40224719101123585,0.8776229645794862,0.02834008097165991,0.0,0.7039954980303882
2024-03-26,0.8592163011981029,0.8976136771308347,0.20898876404494382,0.5658888702366964,0.39271255060728744,1.0,0.5187113111986494
2024-01-25,0.8939886906282482,0.6188566755068905,0.26516853932584267,0.8353197918415309,0.9871794871794872,1.0,0.8684580754079911
2024-03-03,0.9350040786251839,0.1947886858899892,0.647191011235955,0.6755078059425885,0.1545209176788124,1.0,0.560917276308385
2024-01-23,0.14362608237854602,0.3769354537732852,0.6674157303370786,0.19288232331710592,0.8326585695006747,0.0,0.2978334271243669
2024-03-20,0.8921855665507223,0.2040917417256196,0.024719101123595516,0.727211683733423,0.5674763832658569,0.0,0.6903489026449072
2024-03-04,0.839547035609371,0.530142808308824,0.7168539325842697,0.9123719993285211,0.02968960863697706,0.0,0.7333989870568375
2024-03-27,0.35680030632084936,0.6927039384511318,0.31011235955056177,0.9958032566728219,0.3265856950067476,1.0,0.8652222847495779
2024-03-18,0.4539267027780056,0.7230183453085601,0.20674157303370783,0.8987745509484639,0.9460188933873144,1.0,0.9130557118739449
2024-02-24,0.3137508337810573,0.6012707300207012,0.056179775280898875,0.009232835319791854,0.14237516869095818,1.0,0.0
2024-01-19,0.7784334578902303,0.8681195748781647,0.7033707865168539,0.9261373174416652,0.7017543859649122,0.0,0.8850590883511535
2024-03-17,0.35986925011775384,0.45753423119094805,0.24269662921348317,0.7683397683397684,0.10188933873144401,1.0,0.6277433877321329
2024-04-07,0.9055772466786038,0.7239383429897543,0.6337078651685393,0.07100889709585362,0.07827260458839408,1.0,0.038407428249859266
2024-02-21,0.699224191870087,0.011104796174208786,0.05842696629213484,0.02148732583515195,0.09514170040485831,0.0,0.00042205965109731736
2024-03-03,0.49762334442317524,0.4689588906976496,0.8269662921348314,0.7460130938391807,0.44601889338731443,0.0,0.6807822172200336
2024-03-03,0.2998912326740424,0.05136929746629448,0.4157303370786516,0.40255161994292427,0.5512820512820513,1.0,0.41488463702870004
2024-03-28,0.5819258370867146,0.4505909335530305,0.5842696629213483,0.4351183481618263,0.8900134952766532,0.0,0.5128024760832864
2024-04-08,0.397484638603089,0.2500623473225687,0.3932584269662921,0.23703206311901964,0.1828609986504723,1.0,0.19935284186831742
2024-02-20,0.4531802001664005,0.7808139981128761,0.0067415730337078705,0.09971462145375193,0.5573549257759784,1.0,0.16235227912211592
2024-03-12,0.6084110379112531,0.5700313948444773,0.8337078651685393,0.09249622293100557,0.6680161943319838,0.0,0.17937535171637592
2024-04-04,0.7589033687768847,0.2368959988447159,0.3303370786516854,0.9200940070505288,0.3340080971659919,1.0,0.8033202025886326
2024-03-27,0.19284967936914654,0.6796296179823003,0.17528089887640452,0.9793520228302837,0.2989203778677463,1.0,0.8456668542487338
2024-01-19,0.7876589437167922,0.1056104450804014,0.3820224719101123,0.44955514520731904,0.8475033738191633,0.0,0.5160382667416994
2024-01-07,0.09622888883893665,0.6860936519367442,0.9393258426966292,0.6714789323484975,0.733468286099865,1.0,0.6782498593134496
2024-03-31,0.1771652512319406,0.7939671019241814,0.45842696629213475,0.3664596273291925,0.08974358974358973,1.0,0.2884074282498593
2024-01-21,0.8312896474320155,0.602856010537721,0.3685393258426966,0.019808628504280668,0.1970310391363023,1.0,0.02025886325267301
2024-02-28,0.20935419126720944,0.21972533602593103,0.23146067415730337,0.8383414470370991,0.3690958164642375,1.0,0.7421215531795159
2024-01-23,0.1104616539514609,0.9517905755074025,0.3235955056179775,0.3243243243243244,0.9466936572199729,1.0,0.4317670230725943
2024-01-08,0.01817463504465877,0.1752879897226194,0.8292134831460674,1.0,0.037112010796221284,1.0,0.8083849184018008
2024-03-19,0.03455151540566703,0.9226746226803471,0.2157303370786517,0.9911029041463824,0.7354925775978407,1.0,0.9465391108610017
2024-01-18,0.8565092482859313,0.37996469267102384,0.13707865168539324,0.8526103743495048,0.2854251012145749,0.0,0.7366347777152504
2024-03-28,0.7378348052255319,0.6931360908231454,0.6629213483146067,0.7095853617592749,0.20107962213225372,0.0,0.5991840180078785
2024-01-26,0.7033098700748042,0.19470887108059287,0.2337078651685393,0.19338593251636732,0.24696356275303644,1.0,0.1761395610579628
2024-03-16,0.9083979537118694,0.10788117833180877,0.15505617977528086,0.6974987409770019,0.5040485829959513,1.0,0.6522228474957794
2024-02-02,0.2997250413922643,0.8518603214911309,0.7101123595505617,0.4273963404398187,0.8070175438596491,0.0,0.48902644907146886
2024-02-06,0.3959484223226468,0.6723023875359786,0.9865168539325843,0.7784119523249957,0.4224021592442645,1.0,0.7030106921778277
2024-01-25,0.6033378255214075,0.19425513701855834,0.4764044943820225,0.6107100889709585,0.1794871794871795,1.0,0.5118176702307259
2024-01-15,0.8790123030610175,0.8625074951570468,0.15505617977528086,0.22880644619775053,0.049257759784075594,1.0,0.16460326392796842
2024-01-16,0.9667948138986162,0.4408917318555723,0.9550561797752809,0.1517542387107605,0.6740890688259109,0.0,0.23030388294879006
2024-03-24,0.6474045499996919,0.7004297500586745,0.7303370786516853,0.8981030720161154,0.6605937921727395,0.0,0.8529825548677545
2024-03-11,0.08830851414290919,0.5097538522630884,0.9213483146067415,0.408930669800235,0.8603238866396761,0.0,0.48466516601012943
2024-03-10,0.36108660592867636,0.39575915876139334,0.9977528089887641,0.6931341279167367,0.8475033738191633,1.0,0.7201744513224536
2024-01-27,0.1475987297789061,0.5872559849283334,0.6179775280898876,0.09266409266409265,0.2591093117408907,0.0,0.0942599887450759
2024-02-26,0.2715385339769796,0.07989495119591083,0.793258426966292,0.10458284371327853,0.20310391363022942,1.0,0.09257175014068653
2024-02-04,0.9542914221334513,0.31126811687329337,0.22247191011235956,0.6347154608024173,0.15991902834008098,1.0,0.5278559369724254
2024-03-15,0.20833562845660936,0.060202978282518416,0.47415730337078654,0.08813160987074031,0.5904183535762483,1.0,0.15953854811480017
2024-02-01,0.9068848076721565,0.3240592826103921,0.9528089887640449,0.2858821554473728,0.5775978407557355,0.0,0.322594259988745
2024-02-04,0.5977466513473928,0.21707981880001626,0.4651685393258427,0.25398690616081915,0.6221322537112011,0.0,0.30514912774338776
2024-01-06,0.2100717171050519,0.5014018640613358,0.8606741573033708,0.35219070001678693,0.8286099865047234,1.0,0.4305008441193021
2024-02-11,0.09171528251124528,0.3857704803018578,0.2337078651685393,0.1912036259862347,0.2834008097165992,0.0,0.18190770962296
2024-02-07,0.8281337325785785,0.26754929456865284,0.9078651685393259,0.7265402048010743,0.29284750337381915,0.0,0.6325267304445694
2024-01-06,0.1396769624777221,0.7432200305072456,0.056179775280898875,0.5506127245257679,0.17206477732793524,0.0,0.4599043331457513
2024-01-28,0.49567796585608903,0.5887878376402114,0.37528089887640453,0.2761457109283196,0.7604588394062078,0.0,0.3525604952166572
2024-02-27,0.6927083593166685,0.4545960011015495,0.755056179775281,0.9148900453248279,0.14035087719298245,0.0,0.7585818795723127
2024-02-02,0.15275606437757006,0.3818163591786288,0.21123595505617976,0.8934027194896759,0.6828609986504723,1.0,0.8536859876195835
2024-01-19,0.8050545745579143,0.9490381680842574,0.7910112359550561,0.5331542722847071,0.5620782726045883,1.0,0.5265897580191333
2024-02-17,0.10741581452629134,0.23870543922907927,0.4674157303370786,0.48296122209165687,0.04453441295546556,0.0,0.37661789532920653
2024-01-13,0.4771015840375412,0.8459598906493966,0.45842696629213475,0.1463824072519725,0.09986504723346828,0.0,0.1060776589758019
2024-01-28,0.9262981534263304,0.9315974457363154,0.14606741573033705,0.1024005371831459,0.4676113360323887,1.0,0.14589195272931904
2024-02-21,0.2722497816794771,0.16280861692325743,0.9325842696629213,0.8101393318784624,0.4750337381916329,0.0,0.7405740011254924
2024-03-03,0.4683875316038666,0.3931047191381367,1.0,0.6086956521739131,0.5991902834008097,0.0,0.5976364659538548
2024-03-28,0.44844869213937955,0.6311162610531937,0.2337078651685393,0.2650663085445694,0.9271255060728745,0.0,0.3780247608328644
2024-03-09,0.15205029348743437,0.6630177971073863,0.10337078651685391,0.5670639583683061,0.5161943319838056,0.0,0.5454417557681486
2024-03-01,0.7699356648614071,0.5789910763255648,0.35730337078651686,0.48480778915561523,0.6639676113360324,1.0,0.5073157006190208
2024-03-29,0.8054510110917477,0.8700110971582262,0.3123595505617977,0.600470035252644,0.8987854251012144,0.0,0.6532076533483399
2024-02-07,0.9835749155465123,0.8276907478733619,0.9011235955056179,0.2014436797045493,0.9453441295546559,0.0,0.328503095104108
2024-02-25,0.15622431811777915,0.32498599107134396,0.16404494382022472,0.033741816350512044,0.238191632928475,1.0,0.040517726505346074
2024-01-24,0.7433872281827121,0.7885905223747613,0.6921348314606741,0.4191707235185496,0.8582995951417003,0.0,0.49282498593134494
2024-04-03,0.002568286890152649,0.3035824908313316,0.6157303370786517,0.009064965586704776,0.7246963562753037,1.0,0.12127180641530672
2024-01-24,0.6215763366516285,0.2060166499514935,0.6247191011235955,0.0522074869900957,0.7780026990553306,0.0,0.16854248733821042
2024-01-21,0.0816608863926831,0.6558266150102554,0.6629213483146067,0.10475071344636566,0.1929824561403509,1.0,0.09060213843556553
2024-02-02,0.7780144448483384,0.5194292896869683,0.26067415730337073,0.7769011247272117,0.6261808367071524,1.0,0.7442318514350027
2024-03-16,0.7252684335811637,0.018542577258813253,0.41797752808988764,0.7995635386939737,0.23481781376518218,1.0,0.6816263365222285
2024-02-08,0.2866232169951104,0.29765517866223945,0.08089887640449439,0.24592915897263729,0.8265856950067476,0.0,0.34102419808666296
2024-01-29,0.9770166192022316,0.43836192655373907,0.8674157303370785,0.8974315930837671,0.3049932523616734,1.0,0.7782779966235229
2024-03-15,0.9913051799031791,0.7095320905876861,0.3887640449438201,0.3867718650327346,0.4493927125506073,1.0,0.3804164321890827
2024-01-30,0.8544850550270553,0.34986180494627206,0.4089887640449438,0.8244082591908679,0.3076923076923077,1.0,0.7176420934158694
2024-03-25,0.3861316465951177,0.33958919615588457,0.498876404494382,0.7965418834984053,0.8110661268556005,1.0,0.7992402926280249
2024-03-31,0.8630391969583684,0.765420905645783,0.5730337078651685,0.5346650998824911,0.2773279352226721,0.0,0.4684862127180641
2024-01-26,0.4722229831050413,0.9377112403781211,0.9977528089887641,0.006546919590397882,0.5870445344129555,0.0,0.09046145188519977
2024-03-04,0.03623736978738634,0.7886715424823478,0.9865168539325843,0.4604666778579823,0.2672064777327935,0.0,0.4041924592009004
2024-02-25,0.5236322267868445,0.8287194321044353,0.11011235955056178,0.12842034581165018,0.7213225371120108,0.0,0.22059651097355093
2024-02-10,0.622850194234843,0.7910194882321093,0.02921348314606742,0.7144535840188013,0.034412955465587036,1.0,0.5685143500281373
2024-03-15,0.1363404470384353,0.06807339776560184,0.09662921348314604,0.9934530804096022,0.5357624831309041,1.0,0.9068655036578503
2024-01-07,0.10052869073382453,0.9198778777715688,0.8382022471910111,0.3704885009232836,0.04318488529014841,0.0,0.282076533483399
2024-03-08,0.3908275361681035,0.4890384039424589,0.247191011235955,0.5286217894913547,0.05600539811066124,1.0,0.41727630838491836
2024-03-27,0.8031692126561438,0.3463382064845746,0.19999999999999996,0.2076548598287729,0.26653171390013497,0.0,0.1921778277996623
2024-03-11,0.2919615087652119,0.20836011591188708,0.5370786516853933,0.21050864529125407,0.20512820512820512,0.0,0.1817670230725943
2024-01-11,0.701348645520568,0.6875940085793673,0.22696629213483144,0.5066308544569413,0.29689608636977055,1.0,0.44907146876758586
2024-01-08,0.7066680873082873,0.24662451282415532,0.5820224719101124,0.46852442504616415,0.010796221322537103,0.0,0.3574845244794598
2024-01-06,0.8657636582148598,0.5274361760177726,0.5887640449438202,0.07352694309216051,0.7503373819163293,1.0,0.18064153066966798
2024-02-15,0.24246287928349375,0.5905403928663873,0.026966292134831454,0.47356051703877794,0.39878542510121456,0.0,0.44259988745075973
2024-01-11,0.9861494474522488,0.8849739936646301,0.7662921348314606,0.6822225952660737,0.41228070175438597,0.0,0.6202870005627462
2024-02-07,0.06477907979882502,0.04338810045021546,0.4157303370786516,0.9560181299311734,0.4311740890688259,1.0,0.8536859876195835
2024-03-28,1.0,0.7597534557876315,0.9325842696629213,0.27077387946953163,0.5472334682860999,1.0,0.3036015756893641
2024-01-04,0.1188029208621515,0.68878318355587,0.9820224719101124,0.10491858317945274,0.7834008097165992,0.0,0.2138435565559932
2024-01-16,0.6251886287743105,0.19733507879982426,0.06292134831460675,0.4606345475910693,0.581646423751687,1.0,0.469893078221722
2024-01-19,0.7390399295533143,0.8968743628306584,0.4202247191011236,0.7983884505623635,0.3616734143049932,1.0,0.7070906021384354
2024-03-30,0.21991792754204198,0.5189138677940264,0.8898876404494381,0.6528453919758268,0.5870445344129555,1.0,0.6321046707934721
2024-03-01,0.22480761921417525,0.8370112792558757,0.18651685393258427,0.9578646969951317,0.05533063427800272,1.0,0.7768711311198648
2024-01-12,0.1418679402239036,0.6535436075059806,0.4224719101123595,0.38089642437468524,0.42442645074224017,0.0,0.3702870005627462
2024-03-05,0.7721549381170689,0.5795093717348436,0.22921348314606743,0.6075205640423031,0.7597840755735492,1.0,0.6301350590883511
2024-03-15,0.15521254039288124,0.07463293625949063,0.23146067415730337,0.3372502937720329,0.9973009446693657,0.0,0.45315137872819355
2024-03-03,0.5885401387546949,0.6836403449317459,0.5438202247191012,0.8223938223938225,0.6336032388663968,0.0,0.7839054586381542
2024-03-15,0.3744936988571794,0.6560025693405578,0.19101123595505615,0.8754406580493537,0.5904183535762483,0.0,0.819358469330332
2024-04-07,0.6158917397794994,0.5094895529440464,0.5280898876404494,0.17827765653852617,0.31309041835357626,0.0,0.1772650534608891
2024-01-24,0.021635758071283817,0.19325960301273426,0.18651685393258427,0.19439315091489012,0.678812415654521,0.0,0.26702307259425995
2024-01-15,0.46020910468911325,0.4276157586843965,0.49662921348314615,0.6185999664260533,0.3475033738191633,1.0,0.5534608891389983
2024-02-22,0.42272054241345813,0.5390880169010188,0.2898876404494382,0.04112808460634548,0.626855600539811,1.0,0.12774338773213278
2024-02-05,0.8911067075275696,0.8037439454561763,0.0449438202247191,0.5687426556991775,0.5775978407557355,0.0,0.5596510973550928
2024-03-30,0.7497834183005807,0.6759450937304337,0.3438202247191011,0.21772704381400038,0.6005398110661269,1.0,0.270258863252673
2024-01-05,0.4250132255818926,0.9314822781666408,0.9617977528089886,0.8719153936545241,0.9460188933873144,1.0,0.8905458638154193
2024-01-20,0.09881638153319727,0.0021821879532808452,0.7146067415730337,0.10743662917575963,0.7746288798920378,1.0,0.2141249296567248
2024-01-26,0.691107399940222,0.7629231252429918,0.41797752808988764,0.9541715628672149,0.3582995951417004,1.0,0.8369442881260551
2024-01-16,0.6349257552585641,0.9949408502021697,0.597752808988764,0.5024341111297634,0.7537112010796221,1.0,0.5407990996060776
2024-03-09,0.9592980239221447,0.3965255715759213,0.4876404494382023,0.8850092328353196,0.8360323886639676,0.0,0.8785875070343274
2024-01-15,0.4380888441135653,0.12648777273716405,0.17303370786516853,0.416988416988417,0.5978407557354926,0.0,0.43669105233539673
2024-03-30,0.3163471263416682,0.4926368244346122,0.7258426966292134,0.4918583179452744,0.645748987854251,1.0,0.5094259988745076
2024-01-01,0.7450307427624807,0.7076509980367973,0.43595505617977526,0.5741144871579653,0.5033738191632928,1.0,0.5486775464265616
2024-04-04,0.5718837761236841,0.4683536362349514,0.11235955056179775,0.39533322142017796,0.4338731443994602,1.0,0.3843556555993247
2024-01-02,0.9943365374323889,0.06995438003104937,0.4224719101123595,0.25449051536008055,0.9460188933873144,1.0,0.37310073157006185
2024-02-28,0.7817468678131831,0.6625884780852402,0.6,0.8346483129091824,0.33940620782726044,1.0,0.7328362408553741
2024-03-10,0.9370386032210831,0.4026087899065942,0.3370786516853932,0.028873594090985444,0.5620782726045883,0.0,0.10396736072031515
2024-02-11,0.832847279448174,0.6873884829253711,0.0022471910112359522,0.3934866543562196,0.5404858299595141,1.0,0.40503657850309505
2024-02-05,0.5315589805564969,0.768531970088361,0.06741573033707862,0.7010240053718315,0.8414304993252362,0.0,0.7255205402363534
2024-01-28,0.15592398606281677,0.7918185692385578,0.6134831460674156,0.967601141514185,0.5290148448043185,1.0,0.8837929093978616
2024-04-09,0.2385051754214942,0.6038232099649576,0.2157303370786517,0.8304515695820043,0.0053981106612685514,1.0,0.6596792346651659
