Date,Latitude,Longitude,Rainfall_mm,Slope_deg,Soil_Moisture_%,Landslide_Occurred,Risk_Score
2024-02-22,0.729086941073831,0.28624932860816443,0.7484748944157672,0.7026275896917635,0.06606380306455661,0.0,0.7439596799015081
2024-02-20,0.7605926263674405,0.3543866537879694,0.5466916940403566,0.9663971702880243,0.9924642049736248,0.0,0.610418590335488
2024-02-01,0.7008681981729978,0.7971278703362259,0.6080981430582556,0.06720565942395151,0.1828686259733735,0.0,0.5263542628501077
2024-01-20,0.6929122227261928,0.4779367351035262,0.7116712475698866,0.9964628600303183,0.06757096206983182,1.0,0.7570213911972917
2024-01-26,0.3032371651393646,0.11354671416540896,0.30280887577931215,0.47321879737241024,0.8540567696558652,0.0,0.32536934441366583
2024-02-05,0.24748003761726522,0.15262977461372884,0.8231547898370987,0.5533097524002022,0.4945993468977643,0.0,0.7855109264389045
2024-01-02,0.1449837725479597,0.5366752905100611,0.7238720922437488,0.018191005558362727,0.5533785481034914,0.0,0.6185557094490614
2024-03-17,0.47262278686338277,0.28729959081306333,0.2115036535496413,0.36634663971702885,0.22506907812107502,0.0,0.23049399815327787
2024-01-03,0.9727399703372157,0.018173835395145943,0.007709324931286454,0.004800404244567957,0.3114795277568452,0.0,0.0
2024-02-27,0.2806949586662313,0.4734409987707977,0.23999463699135215,0.26149570490146545,0.9590555136900276,1.0,0.23905432440751007
2024-01-02,0.7460383723798145,0.7637913377485575,0.00033518804049070816,0.6402223345123801,0.35091685506154247,1.0,0.09041243459526
2024-02-14,0.6726084343580396,0.47121399008790377,0.5603003284842797,0.1038403233956543,0.07033408691283605,1.0,0.4907856263465681
2024-04-03,0.664446585392966,0.9294122089728489,0.7936582422739157,0.8377968671045983,0.6463200200954533,1.0,0.8034395198522623
2024-03-23,0.6282879314429692,0.4303481386132262,0.46839176778172553,0.43784739767559366,0.14920874152223063,0.0,0.46252693136349665
2024-04-02,0.5964011042478887,0.4883849268492213,0.04732855131728897,0.9560384032339566,0.9083144938457672,1.0,0.1789589104339797
2024-02-05,0.8751305374986487,0.7032895839082585,0.1498960917074479,0.605356240525518,0.3963828183873399,0.0,0.21385426285010767
2024-02-19,0.7615312499424931,0.8296137984279994,0.300864785144466,0.022991409802930796,0.7038432554634513,1.0,0.2551361957525392
2024-02-29,0.7720587691716219,0.611515151621461,0.9922236374606154,0.022233451237998914,0.12107510675709621,0.0,0.850184672206833
2024-01-20,0.5475366983627055,0.10837032615563658,0.24361466782865193,0.8863062152602323,0.08113539311730722,1.0,0.3373153277931671
2024-01-30,0.9551714398347144,0.3720006253270185,0.043574445263793005,0.0775644264780192,0.3501632755589048,0.0,0.041955216989843
2024-01-07,0.21549456686932444,0.014357525613263533,0.8412549440235971,0.7988883274381,0.7827179100728461,1.0,0.8384887657740844
2024-03-13,0.5156009801670507,0.8328387135966295,0.2623851980961319,0.7670540677109652,0.6762120070334086,0.0,0.33531471221914433
2024-03-23,0.008710642052790263,0.9623160805206226,0.9460347254809948,0.4130874178878222,0.14694800301431798,1.0,0.869940751000308
2024-01-19,0.26316481399430813,0.900021585613672,0.0050278206073607334,0.6061141990904497,0.7751821150464708,1.0,0.08925823330255467
2024-01-26,0.8979553983974711,0.7456085840054811,0.9017228665281222,0.15260232440626575,0.1298668676212007,0.0,0.7921283471837489
2024-01-01,0.2663948109199623,0.8691879782248861,0.039015887913119274,0.3021728145528044,0.1926651595076614,1.0,0.07223376423514927
2024-02-29,0.20199600743666224,0.026120544417153724,0.6563652208889187,0.5763011622031329,0.8153730218538056,0.0,0.6454293628808866
2024-02-26,0.5351345444472599,0.577506114698167,0.14466715827579268,0.8653360282971199,0.5988445114292891,0.0,0.24894198214835328
2024-02-08,0.399313309378897,0.7667403943944464,0.9609170744787824,0.7139969681657403,0.39613162521979395,0.0,0.9285741766697445
2024-03-20,0.9504380489678397,0.061659988418455214,0.6080981430582556,0.17786760990399186,0.6646571213262997,0.0,0.5432056017236073
2024-01-03,0.9693411815532045,0.09059608227209992,0.3260038881812697,0.9944416371905003,0.3622205476011051,1.0,0.42470760233918126
2024-01-13,0.5684284040781336,0.2983312780426104,0.17543742039284038,0.8681152097018696,0.8924893242903791,0.0,0.2758541089566021
2024-01-01,0.8461730493457367,0.965281200367258,0.1562646644767715,0.4391106619504801,0.2835970861592565,1.0,0.19402123730378573
2024-01-10,0.2520555604982633,0.5555519419461916,0.662063417577261,0.3511874684183931,0.3381060035167043,1.0,0.6160549399815328
2024-04-06,0.8160766659193541,0.8611332440875685,0.08433331098746394,0.9057604850934817,0.6485807586033658,0.0,0.20315866420437056
2024-01-21,0.04166996984469051,0.28563313282688796,0.5315411946101763,0.03991915108640731,0.4913338357196684,1.0,0.4562942443828871
2024-03-31,0.6535622300576733,0.012621560561456135,0.9265938191325332,0.5757958564931784,0.895754835468475,1.0,0.8779816866728224
2024-04-03,0.45274734726825727,0.7212256433559787,0.7264195213514782,0.9525012632642751,0.3740266264757597,0.0,0.7630232379193599
2024-01-15,0.2904099889145755,0.5135411291709033,0.5639873969296776,0.9552804446690248,0.5586536046219541,1.0,0.6236149584487536
2024-01-09,0.6975546434276794,0.1986956792146657,0.4876985989139907,0.7402728650833754,0.6945491082642552,0.0,0.5252000615574024
2024-01-25,0.6037506777455519,0.6048468476197968,0.4386941073942482,0.5944921677614958,0.17056016076362734,0.0,0.4608148661126501
2024-01-12,0.022870658055467175,0.4833022237511386,0.7443856003217805,0.7983830217281456,0.4076865109269028,1.0,0.7550207756232689
2024-03-18,0.6891377185627334,0.09985349931139353,0.8648521820741436,0.4957049014653865,0.42099974880683244,1.0,0.8126346568174824
2024-02-08,0.5120083945028,0.88467762517746,0.3922370449822351,0.8052046488125315,0.25169555388093445,0.0,0.45290858725761773
2024-03-09,0.8463338536788001,0.5052771084409642,0.18120265468928065,0.7971197574532591,0.1605124340617935,1.0,0.2700061557402278
2024-02-13,0.1360339778374282,0.48444101513700843,0.9409398672655359,0.6114199090449723,0.5410700828937454,1.0,0.8957563865804864
2024-02-12,0.8275004571643763,0.5642059242211417,0.801300529597104,0.4833249115715008,0.9324290379301683,0.0,0.7560403200984919
2024-02-16,0.10342750169832016,0.6115481238981602,0.6219749279345712,0.9621020717534108,0.05551369002763118,0.0,0.674572945521699
2024-03-20,0.4396496592290191,0.4770873031842484,0.8980357980827244,0.20085901970692266,0.09369505149459934,1.0,0.7963027085257003
2024-04-04,0.011087738364324196,0.39056555827630746,0.41395723000603335,0.8870641738251643,0.005526249686008566,1.0,0.4840720221606648
2024-03-30,0.19312341686975287,0.5351824257884346,0.901186565663337,0.755179383527034,0.6385330319015321,1.0,0.8834256694367498
2024-02-29,0.27719503697062464,0.1944713531936486,0.012737145538647188,0.03840323395654366,0.028636021100226117,0.0,0.009445213911972894
2024-01-22,0.006015409547615036,0.8688519840065965,0.6374606154052422,0.112177867609904,0.8251695553880933,1.0,0.5584795321637427
2024-01-04,0.9376355349506298,0.7745592369004726,0.2669437554468056,0.9077817079332997,0.5784978648580759,1.0,0.3606686672822407
2024-03-17,0.7825942954964376,0.2511520007586796,0.5507139505262452,0.4727134916624558,0.19417231851293648,1.0,0.5387042166820559
2024-01-08,0.09229646403593961,0.012611126591309585,0.3331098746396728,0.06291056088933811,0.5327807083647325,0.0,0.28897353031702067
2024-02-23,0.4181718895684412,0.2952979199983474,0.5785345578869746,0.15159171298635676,0.9191158000502386,0.0,0.5137542320714066
2024-02-13,0.9145452660124533,0.40129064057305186,0.29235100891600185,0.3438605356240525,0.06053755337854816,1.0,0.2966682056017236
2024-01-21,0.5624102363460679,0.6465736869533885,0.06174163705838975,0.5285497726124306,0.3001758352172821,1.0,0.12626962142197595
2024-01-18,0.5386395232641803,0.4667250563102243,0.7911108131661863,0.031076301162203168,0.22456669178598343,0.0,0.6784010464758389
2024-03-13,0.45366705290950904,0.2016260221422499,0.9626600522893344,0.8865588681152099,0.06932931424265265,1.0,0.9563519544475226
2024-03-09,0.14275555191824196,0.06620159284716465,0.14071193939800225,0.2622536634663971,0.9251444360713388,1.0,0.15370113881194203
2024-04-05,0.9237277932276697,0.4598686767952813,0.7022189448280484,0.33501768569984836,0.7957799547852298,0.0,0.648160972606956
2024-02-23,0.30118948977906257,0.29743694037790647,0.7168331433934437,0.6755937342091967,0.46370258728962566,0.0,0.7126038781163436
2024-03-08,0.38255735728961326,0.3005764516143472,0.387075149158678,0.36937847397675583,0.7626224566691786,1.0,0.3820983379501386
2024-03-11,0.07238338816597434,0.8213366665177091,0.1869008513776228,0.7983830217281456,0.9731223310725949,1.0,0.2751038781163435
2024-03-12,0.7824637791092073,0.5512746705389873,0.017496815713615332,0.009348155634158695,0.3491585028887214,1.0,0.009118190212372979
2024-02-04,0.061451872417706,0.03190188448479603,0.8183280820540323,0.7248610409297624,0.24792765636774683,1.0,0.8074792243767314
2024-01-23,0.055885602064961404,0.8495017426689628,0.13494670510156193,0.34436584133400716,0.45064054257724195,0.0,0.161241920590951
2024-04-06,0.4650239129740612,0.9946817732559339,0.05309378561372935,0.2882769075290551,0.7269530268776689,0.0,0.08223684210526311
2024-03-24,0.5223683544637083,0.1628686856809054,0.07870215190721991,0.20919656392117236,0.5659382064807836,1.0,0.092239919975377
2024-03-10,0.6537794723885781,0.9889210432137361,0.3497352014480123,0.6339060131379486,0.29364481286109023,0.0,0.390235457063712
2024-01-30,0.5020949263127363,0.8110363415070196,0.6511362874572636,0.07478524507326934,0.9331826174328057,0.0,0.5645583256386582
2024-03-20,0.05035379136273832,0.03677592028066101,0.48233559026613926,0.30116220313289543,0.8369756342627479,1.0,0.4537165281625116
2024-03-11,0.2642547895297298,0.40455105411467684,0.7606087014815311,0.8226376958059627,0.5330319015322784,1.0,0.7726800554016621
2024-03-03,0.8434830514483451,0.5336177762216039,0.8785948917342629,0.757453259221829,0.6254709871891484,0.0,0.8643236380424747
2024-03-11,0.7550430434648661,0.6054737589583965,0.4002815579540121,0.09373420919656394,0.8651092690278823,0.0,0.35149276700523224
2024-03-22,0.26216583718712627,0.300886072944877,0.8981028356908224,0.337544214249621,0.8141170560160764,0.0,0.8171745152354569
2024-01-15,0.21472385313893483,0.3731723823109405,0.9332305423342494,0.3691258211217786,0.10298919869379553,0.0,0.8522237611572793
2024-02-15,0.36974900647413733,0.3636629135307885,0.02815579540122004,0.10965133906013136,0.45892991710625464,1.0,0.03356802092951672
2024-04-06,0.39748212522897575,0.8738084599435751,0.4535094187839377,0.878979282465892,0.8276814870635518,1.0,0.5168898122499231
2024-02-01,0.8629713292640986,0.7106021383763164,0.9073540256083664,0.00050530570995444,0.9625722180356695,1.0,0.7738150200061559
2024-04-09,0.2012695403745397,0.8560463984020998,0.9614533753435678,0.9325416877210715,0.3803064556644058,1.0,0.9623153277931674
2024-01-12,0.7553257172183976,0.9012679775221386,0.5480994838104176,0.7849924204143508,0.9962321024868122,0.0,0.584006617420745
2024-02-19,0.5477623298494905,0.600273348110477,0.5160555071395053,0.9140980293077312,0.896006028636021,0.0,0.5760811018775008
2024-03-17,0.9208101171414569,0.8042791564499794,0.2484413756117182,0.09979787771601811,0.8922381311228336,1.0,0.22170283164050475
2024-02-23,0.4089127904072143,0.32570531635190036,0.9969833076355835,0.24658918645780703,0.4162270786234614,0.0,0.8884464450600184
2024-04-03,0.3172398343226064,0.8895425737870255,0.9096333042837031,0.9077817079332997,0.40015071590052753,0.0,0.9139350569405974
2024-02-17,0.45027844600440403,0.9329291101435047,0.869276664208621,0.6667508842849925,0.0710876664154736,0.0,0.8424899969221301
2024-02-06,0.9386656595855811,0.8305550529287302,0.04069182811557287,0.4401212733703891,0.17935192162773173,1.0,0.0946829793782702
2024-01-27,0.4770126776564325,0.09449174582948672,0.8976335724341354,0.28044466902476006,0.803566942979151,1.0,0.8080755617112959
2024-02-10,0.4302914746351689,0.09629520854036855,0.9806931688677348,0.8777160181910058,0.6016076362722933,1.0,0.9705293936595877
2024-02-26,0.7010281512961569,0.5716632058631603,0.3408191995709593,0.3532086912582111,0.8796784727455413,1.0,0.3398160972606956
2024-03-29,0.13858454300606127,0.9921609848581738,0.5812160622109003,0.5808489135927237,0.9934689776438079,0.0,0.5814289012003695
2024-01-22,0.1571176257003799,0.6993209567067424,0.1720855399879332,0.3122789287518949,0.4353177593569455,0.0,0.18832717759310558
2024-03-19,0.2531645952150825,0.09831125013738529,0.7103304954079238,0.36533602829711975,0.41271037427781976,0.0,0.6597606955986458
2024-01-17,0.08915444014246532,0.9260116181507101,0.8755111617617483,0.42521475492673066,0.13413715146948002,1.0,0.8110764850723301
2024-02-01,0.696001044729087,0.2664270086347642,0.14895756519407388,0.03840323395654366,0.31549861843757854,1.0,0.12671206525084633
2024-02-28,0.746959643581306,0.4069397274605535,0.8248307300395522,0.9676604345629105,0.8947500627982918,1.0,0.8500500153893508
2024-03-19,0.9138976324468899,0.9815914699237283,0.6651471475497753,0.592723597776655,0.191660386837478,0.0,0.6554901508156356
2024-02-16,0.10079973841573064,0.6334184626107344,0.9729168063283503,0.5864072764022235,0.664405928158754,1.0,0.9194752231455835
2024-03-25,0.2932541706987877,0.05633971702661711,0.010457866863310294,0.4037392622536634,0.9824164782717908,0.0,0.06311557402277612
2024-03-12,0.5778858765802397,0.5862724248291897,0.9771401756385333,0.0,0.3828183873398643,1.0,0.8338142505386273
2024-02-27,0.4523690590483511,0.8648886639969078,0.8736341087350002,0.3251642243557351,0.3004270283848278,0.0,0.7942251461988304
2024-02-08,0.9842379608191436,0.8582470577375716,0.5175303345176644,0.7771601819100555,0.07435317759356941,1.0,0.5564981532779318
2024-01-13,0.31041539689704223,0.2280218214557408,0.19997318495676075,0.6397170288024254,0.17960311479527769,1.0,0.2621960603262542
2024-01-30,0.7111059845097429,0.6254574641070576,0.885700878192666,0.6558868115209702,0.45943230344134656,0.0,0.8549746075715604
2024-02-26,0.5706542994054189,0.8381247393481317,0.6737279613863377,0.8590197069226884,0.23913589550364234,1.0,0.7034279778393352
2024-03-27,0.9802559233284569,0.6261918248746952,0.21157069115773952,0.2536634663971703,0.22305953278070834,1.0,0.2133925823330256
2024-01-20,0.3648045652806786,0.5617279366794037,0.7512904739558893,0.08362809499747337,0.8387339864355687,0.0,0.6521237303785782
2024-01-02,0.3499429403324257,0.45658748559549167,0.4839444928604947,0.03688731682668012,0.8455162019593068,0.0,0.41485841797476153
2024-03-27,0.14990390552446797,0.6736917335306316,0.5537976804987598,1.0,0.7555890479778951,1.0,0.6216528162511542
2024-02-18,0.6734877761706457,0.9377292473960779,0.48039149963129313,0.683678625568469,0.6395378045717155,1.0,0.5102916281932902
2024-01-01,0.3327884628954507,0.8675573881125729,0.6099081584769056,0.1834259727134917,0.23561919115800045,1.0,0.5456101877500771
2024-03-05,0.9370343768719067,0.8191930152182749,0.7681169135885232,0.09777665487620013,0.24817884953529257,0.0,0.6687634656817484
2024-03-12,0.0,0.990042812257002,0.7847422403968626,0.18266801414855982,0.29590555136900276,1.0,0.6960026161895968
2024-02-12,0.20173180640648525,0.591370237986439,0.4208621036401421,0.897422940879232,0.7400150715900526,0.0,0.4915935672514621
2024-01-01,0.15454871994802488,0.06784877534312272,0.35858416571696716,0.21879737241030828,0.4493845767395126,0.0,0.3346414281317329
2024-03-03,0.42478759267015676,0.9985668776167813,0.7427766977274249,0.6902475997978776,0.22104998744034166,1.0,0.7371691289627579
2024-01-12,0.025990830147918587,0.48558437333417714,0.00670376080981433,0.31910055583628105,0.9206229590555137,0.0,0.04699522930132344
2024-02-19,0.442001650724535,0.27503189206890966,0.7653013340484013,0.6712986356745831,0.16478271791007282,0.0,0.7536742074484458
2024-04-09,0.18800553116733454,0.13730035835510535,0.44807937252798824,0.8719050025265285,0.0758603365988445,1.0,0.5111380424746076
2024-01-12,0.4554498119871937,0.6478879197486549,0.3146745324126835,0.8817584638706417,0.780959557900025,1.0,0.39779547553093253
2024-03-21,0.46664120596119574,0.8340609010643902,0.2635918750418984,0.5396664982314301,0.710876664154735,1.0,0.3017274546014158
2024-02-06,0.11076347349705884,0.08566639604919146,0.8840249379902124,0.662455785750379,0.7867370007535794,0.0,0.8545321637426903
2024-01-10,0.7529796419109402,0.9463035357771332,0.6948448079372528,0.21323900960080855,0.14418487817131376,0.0,0.6232686980609418
2024-03-29,0.18234860249077656,0.38158065845959754,0.7974793859355097,0.35598787266296117,0.08013062044712393,0.0,0.7333602646968299
2024-02-19,0.6576964235960645,0.8042503500436169,0.8849634645035865,0.5282971197574533,0.9748806832454155,0.0,0.8349107417666976
2024-01-29,0.4211921099929441,0.9827872658873957,0.5582221626332372,0.7354724608388075,0.7244410952022104,0.0,0.5851800554016622
2024-01-31,0.4746848754473376,0.6865124311591444,0.46845880538982365,0.3218797372410309,0.5393117307209245,1.0,0.4449253616497384
2024-03-20,0.023194463319555325,0.10072645440084216,0.008848964268954873,0.07478524507326934,1.0,0.0,0.011638196368113196
2024-01-11,0.8758405554017372,0.004316224789704393,0.7488771200643561,0.5651844365841334,0.1522230595327807,0.0,0.7233764235149277
2024-01-14,0.5026095578282934,0.299978211330199,0.4369511295836964,0.4674077817079333,0.30092941471991974,0.0,0.43996229609110493
2024-03-19,0.1693196848064531,0.08505286383876864,0.5391164443252665,0.14628600303183426,0.7766892740517457,0.0,0.4790127731609728
2024-03-30,0.29154880520320603,0.9178031432003309,0.5629818328082055,0.6023244062657909,0.3107259482542075,0.0,0.5690020006155742
2024-04-02,0.6446478614106468,0.949407058649399,0.7280284239458336,0.9575543203638202,0.8387339864355687,1.0,0.7651777469990767
2024-03-30,0.18354610450785458,0.27276144430277327,0.22913454447945292,0.176099039919151,0.5639286611404168,1.0,0.2167012927054478
2024-01-15,0.5006809958507006,0.9067934686689796,0.03264731514379565,0.3617988883274381,0.7719166038683747,0.0,0.07583102493074795
2024-03-06,0.1324167717367004,0.6221977720367704,0.9481128913320372,0.1551288529560384,0.7103742778196431,0.0,0.8324484456755926
2024-02-17,0.062336812026728694,0.24939230277107072,0.11443319702353016,0.6384537645275392,0.8997739261492088,1.0,0.18836565096952895
2024-03-15,0.7386479025049653,0.02525100802063207,0.45424683247301734,0.7566953006568975,0.6804822908816879,1.0,0.4989035087719299
2024-03-08,0.016144608759702805,0.4385548982537557,0.49306160756184214,0.18721576553815056,0.31876412961567446,0.0,0.4455986457371499
2024-02-18,0.9863279719162961,0.7573319742593867,0.33384728832875243,0.611167256189995,0.20120572720422014,0.0,0.373095567867036
2024-04-04,0.9641671464518708,0.07183356472603464,0.33699805590936516,0.042698332491157176,0.5227329816628987,1.0,0.2892428439519852
2024-03-21,0.5952612875124714,0.5612832099936895,0.24917878930079773,0.961344113188479,0.9864355689525246,1.0,0.3535318559556787
2024-02-29,0.4706668937056975,0.12640715616885245,0.5188040490715291,0.34436584133400716,0.8636021100226074,0.0,0.49168975069252074
2024-01-13,0.04388614232476584,0.20114769315568992,0.5043909633304283,0.14426478019201616,0.38206480783722685,1.0,0.44881117266851356
2024-02-02,0.7104951784025388,0.4202595913824325,0.2850439096333043,0.36508337544214253,0.10901783471489579,0.0,0.2936095721760542
2024-01-29,0.26205857598858984,0.6356051310990551,0.8699470402896025,0.06670035371399696,0.7005777442853554,1.0,0.7516928285626346
2024-01-02,0.19155558197905975,0.5160487952872472,0.06583093115237648,0.3178372915613946,0.15850288872142682,1.0,0.09770313942751613
2024-02-07,0.07393551167461965,0.5155152786212511,0.9774753636790238,0.7647801920161699,0.589550364230093,0.0,0.9505617112957833
2024-01-15,0.4415758876182849,0.47217177253389764,0.5634510960648924,0.15866599292572003,0.35393117307209243,1.0,0.5018467220683288
2024-01-02,0.523719384617948,0.2144569349612766,0.42475028490983435,0.9525012632642751,0.2996734488821906,1.0,0.5033279470606341
2024-03-04,0.40154401639523485,0.5425043380098487,0.4630957967419722,0.24456796361798883,0.8239135895503642,1.0,0.42853570329332114
2024-01-16,0.13030422003265585,0.6816912526068108,0.3719246497284977,0.9037392622536635,0.9686008540567697,0.0,0.4504270544783011
2024-01-27,0.02929534105123821,0.7625539370513934,0.8126969229737883,0.15260232440626575,0.06455664405928152,0.0,0.7154893813481072
2024-04-04,0.6171718650554681,0.6154275708953492,0.41797948649192196,0.6614451743304699,0.3725194674704848,0.0,0.45317790089258225
2024-02-23,0.7964121490732623,0.010266091361131657,0.8701481531138969,0.12860030318342597,0.7179100728460186,1.0,0.7612919359803018
2024-01-20,0.43135591947935836,0.4246789840707379,0.5987128779245156,0.07630116220313288,0.45013815624215026,1.0,0.5196598953524162
2024-01-15,0.09568794479230291,0.7181695737339169,0.4094657102634578,0.010106114199090355,0.18764129615674463,0.0,0.34666435826408115
2024-01-19,0.5141239451243678,0.8747288446454604,0.36843869410739416,0.09828196058615457,0.6277317256970609,0.0,0.3247730070791012
2024-02-14,0.9611021715085144,0.4098202774683841,0.33029429509955077,0.22182920667003536,0.6636523486561166,1.0,0.3107494613727301
2024-02-08,0.5666012613022531,0.8113532561983448,0.6705101561976269,0.7526528549772613,0.04822908816880178,1.0,0.6844606032625423
2024-04-07,0.17714231818814596,0.5829809996849917,0.7643628075350272,0.6783729156139464,0.2092439085656871,0.0,0.7539435210834103
2024-03-23,0.4446662987920149,0.06792475898282646,0.8921364885700879,0.7281455280444669,0.8520472243154986,1.0,0.871518159433672
2024-03-12,0.9169025540565485,0.21359073823975905,0.7570557082523294,0.004800404244567957,0.2743029389600602,1.0,0.6450831024930747
2024-02-05,0.8526614228617859,0.4892258275866652,0.5977073138030435,0.6814047498736735,0.790756091434313,1.0,0.6109379809172054
2024-03-02,0.15602392590068348,0.05169513288899452,0.7838707514915867,0.582364830722587,0.30821401657874903,1.0,0.7561172668513391
2024-03-11,0.21216883794335217,0.9252905161447416,0.7770329154655763,0.06543708943911064,0.6983170057774428,0.0,0.6715143120960297
2024-03-13,0.4905118304996563,0.3803137330825166,0.14748273781591476,0.9454269833249116,0.7337352424014065,0.0,0.26356186518928904
2024-01-06,0.8688642689471635,0.33690793204812053,0.7758932761279077,0.7824658918645782,0.5651846269781462,0.0,0.7797206832871654
2024-02-22,0.49855465456630554,0.41780440277057096,0.7962056713816451,0.5780697321879738,0.022104998744034154,1.0,0.7660818713450294
2024-04-03,0.5916381094796748,0.8228575052239648,0.43460481330026146,0.912834765032845,0.1901532278322029,0.0,0.5057710064635272
2024-03-29,0.4861478211059307,0.12302822712456418,0.30461889119796204,0.8625568468923699,0.9552876161768398,0.0,0.3862149892274547
2024-01-15,0.5916712072673818,0.6739947131777626,0.2318830864114768,0.9012127337038909,0.8394875659382064,0.0,0.3294859956909819
2024-04-07,0.7008595870782983,0.8563706894951792,0.22524636320976066,0.7895401718039414,0.1328811856317509,0.0,0.30676746691289636
2024-02-09,0.12725232166559408,0.2342830588547713,0.21190587919823023,0.315310763011622,0.9542828435066566,1.0,0.22306863650353947
2024-03-02,0.7364618325463539,0.004241621204641888,0.9826372595025809,0.6536129358261749,0.2564682240643055,1.0,0.9380771006463525
2024-04-02,0.7828776139934917,0.6428952365432679,0.6422202855802105,0.4790298130368873,0.03767897513187646,1.0,0.6184402893197908
2024-04-02,0.6173962568944944,0.5399683274226845,0.0,0.869378473976756,0.7581009796533535,1.0,0.1250192366882118
2024-03-30,0.7707511859479723,0.26742982311225205,0.4297781055171951,0.9146033350176859,0.5423260487314745,1.0,0.5018851954447524
2024-02-16,0.3708273365942887,0.38770700495285837,0.6883421599517329,0.24684183931278425,0.25671941723185143,1.0,0.622787780855648
2024-01-30,0.5233269625733783,0.9101496984951609,0.8826171482201516,0.3971702880242547,0.0685757347400151,0.0,0.8129232071406588
2024-02-02,0.6518381718653927,0.386740856195388,0.07903733994771067,0.5063163213744315,0.30720924390856563,1.0,0.13777316097260695
2024-04-09,0.04605055747344977,0.5319975766764173,0.16632030569149292,0.5467407781707934,0.42376287364983667,0.0,0.21906740535549396
2024-03-13,0.9750637219146938,0.30818777746867454,0.24394985586914264,0.027033855482566982,0.230092941471992,0.0,0.2067559248999692
2024-02-14,0.9190356812651999,0.699377186746915,0.6434940001340752,0.19833249115715013,0.8570710876664154,1.0,0.5767928593413358
2024-01-01,0.3467913545916872,0.32904166017488023,0.4504256888114232,0.7566953006568975,0.718914845516202,0.0,0.4956140350877194
2024-04-03,0.9352602779228505,0.05043273820717786,0.51551920627472,0.9039919151086409,0.6350163275558904,0.0,0.5740804863034781
2024-03-09,0.17994237843004157,0.5516437321830381,0.4716766105785345,0.982566953006569,0.9547852298417483,1.0,0.548303324099723
2024-01-21,0.9786649628378541,0.5667574635189112,0.7792451565328148,0.7700859019706923,0.7483044461190655,0.0,0.7807209910741767
2024-04-01,0.519120012905546,0.7225149753977576,0.36522088891868343,0.24482061647296616,0.5197186636523488,0.0,0.3443174823022469
2024-03-10,0.6916998035192705,0.7271049623843737,0.33612656700408927,0.23724103082364834,0.6103993971363979,1.0,0.3181171129578332
2024-03-09,0.10414448254323361,0.5936407365819605,0.7297714017563853,0.9681657402728652,0.2788244159758855,1.0,0.7682940904893815
2024-02-17,0.640051579502483,0.6905489848339812,0.6908225514513641,0.9247094492167762,0.4591811102738006,1.0,0.7281471221914436
2024-02-18,0.7256804511426367,0.20164094708127323,0.39056110477978145,0.7142496210207177,0.03290630494850544,1.0,0.43761542012927057
2024-03-28,0.3664511620457347,0.7208595357111562,0.7802507206542871,0.23294593228903482,0.8867118814368247,1.0,0.6997922437673131
2024-04-09,0.9858685995251903,0.3375358366997716,0.4415767245424683,0.21045982819605868,0.44712383823160007,1.0,0.40481686672822403
2024-02-03,0.5537864745392085,0.04253184777417118,0.46725212844405717,0.26275896917635166,0.01406681738256721,1.0,0.434883810403201
2024-02-16,0.5019616695974491,0.033085632270626775,0.12616477844070517,0.00050530570995444,0.19191158000502384,0.0,0.1013196368113265
2024-02-15,0.8789162541654605,0.6095503874738597,0.1887108667962727,0.47650328448711465,0.9392112534539059,1.0,0.22764696829793774
2024-02-03,0.22488289321239563,0.20190084094622307,0.36253938459475765,0.7867609903991915,0.3195177091183121,0.0,0.4245344721452754
2024-01-07,0.5016211405472859,0.8869787574478778,0.33880807132801494,0.9236988377968671,0.9500125596583773,1.0,0.4249576792859341
2024-03-03,0.2320412175319575,0.7760955095795907,0.8993765502446872,0.04623547246083881,0.3157498116051243,1.0,0.7739112034472148
2024-01-31,0.6741581811807578,0.8228583312343289,0.11208688074009521,0.4454269833249116,0.46370258728962566,0.0,0.15695213911972916
2024-02-01,0.630140148423834,0.7822668247754336,0.5152510558423276,0.06568974229408797,0.6061291132881186,0.0,0.44619498307171435
2024-02-15,0.9326468841074984,0.8419379655043713,0.7576590467252128,0.06038403233956546,0.34463702587289635,1.0,0.6540666358879655
2024-02-09,0.28031137335534595,0.7896984289972124,0.29355768586176845,0.727134916624558,0.589550364230093,1.0,0.3560710987996307
2024-03-13,0.5029107290304182,0.17609685127297325,0.5021787222631896,0.6776149570490146,0.5033911077618689,0.0,0.5281240381655894
2024-02-24,0.4038265992992365,0.6109614053481209,0.7542401287122075,0.8984335522991411,0.5355438332077367,0.0,0.7787396121883657
2024-02-09,0.40799064158198917,0.6594737862117199,0.3598578802708319,0.002021222839818093,0.0472243154986185,1.0,0.30272776238842714
2024-01-12,0.27096659470322493,0.500045330198077,0.9986592478380371,0.9696816574027287,0.13363476513438832,1.0,1.0
2024-03-21,0.91896103180909,0.2928815589932583,0.44660454514982906,0.4284992420414351,0.12911328811856315,1.0,0.442347645429363
2024-03-07,0.9511375573349028,0.3295620298713402,0.8891868338137695,0.5245073269327942,0.4164782717910074,1.0,0.837969375192367
2024-02-21,0.7244669671733277,0.1045871782590666,0.7197827981497619,0.31379484588175854,0.7699070585280081,0.0,0.6600492459218222
2024-01-14,0.9358912237182153,0.21333829677325866,0.7949319568277803,0.659676604345629,0.5028887214267772,0.0,0.7774122807017544
2024-01-16,0.5115028429478343,0.2334612159813787,0.044378896560970715,0.12329459322890346,0.07636272293393631,0.0,0.04961141889812243
2024-02-14,0.33533229275070653,0.6263511101703898,0.4023597238050546,0.8511874684183931,0.1760864104496358,0.0,0.4686249615266236
2024-02-03,0.6229966622628922,0.5622725615428408,0.05832271904538444,0.2976250631632138,0.31399145943230344,1.0,0.08816174207448435
2024-02-11,0.012995711547034716,0.4209195573191664,0.08466849902795465,0.7205659423951492,0.4451142928912335,1.0,0.17524622960911052
2024-01-02,0.031731732290438686,0.17892163976614484,0.4630287591338741,0.757453259221829,0.9623210248681235,0.0,0.5065789473684209
2024-03-06,0.910414950700499,0.6160083001909697,0.9460347254809948,0.1647296614451743,0.43456417985430806,0.0,0.8321214219759926
2024-04-04,0.10701105201263772,0.44490172878056455,0.7192464972849769,0.27918140474987363,0.5842753077116303,1.0,0.6543167128347186
2024-01-18,0.1897722060169258,0.3304845388188369,0.9057451230140109,0.031076301162203168,0.6945491082642552,0.0,0.7770852570021546
2024-04-02,0.21215957829258514,0.5026338221042579,0.2965743782261848,0.7700859019706923,0.058779201205727216,0.0,0.36520852570021545
2024-01-28,0.5073861390964112,0.7386306983067925,0.5792049339679559,0.45149065184436576,0.9987440341622709,1.0,0.5599992305324716
2024-01-24,0.8678940921778917,0.29981475513352507,0.19528055238989073,0.11369378473976754,0.05953278070836476,1.0,0.17805478608802705
2024-02-10,0.14748986446244317,0.8844205999483847,0.9094321914594087,0.4787771601819102,0.16453152474252708,0.0,0.8484341335795632
2024-03-06,0.35479587145317737,0.29502374859964675,0.38379030636186895,0.6566447700859019,0.8774177342376288,1.0,0.4230147737765467
2024-03-02,0.2559732227202858,0.11217960988744835,0.8602265871153717,0.8673572511369378,0.35393117307209243,1.0,0.865246999076639
2024-01-28,0.12530455285354947,0.1013041663192098,0.002815579540122015,0.662455785750379,0.25898015573976396,0.0,0.09593336411203446
2024-03-21,0.10678781195633746,0.6445562170714538,0.6281423878796004,0.649823143001516,0.12961567445365485,1.0,0.6323291782086796
2024-03-15,0.5702660388199092,0.4657121925924912,0.37306428906616607,0.9982314300151591,0.9274051745792513,0.0,0.46579716835949525
2024-03-30,0.8187434181420485,0.7121462403138139,0.675269826372595,0.876200101061142,0.549610650590304,1.0,0.7073714989227456
2024-02-20,0.4003278307864093,0.4610384335227309,0.9886706442314138,0.19555330975240026,0.1002260738507913,1.0,0.8735187750076946
2024-02-16,0.9205979341726334,0.5484809334742522,0.09164041027016157,0.34562910560889337,0.0394373273046974,1.0,0.12415358571868274
2024-01-02,0.22390462521968857,0.5425678751705618,0.9212308104846819,0.9092976250631633,0.8874654609394623,0.0,0.9241497383810405
2024-02-20,0.8511107418202073,0.5362961846670942,0.7380170275524568,0.4896412329459323,0.8417483044461191,1.0,0.7025238534933825
2024-02-29,0.21829437782150762,0.9232176251007331,0.3964604142924181,0.9813036887316828,0.7611152976639035,1.0,0.4833602646968299
2024-02-23,0.6349820312174188,0.3782505606426412,0.9020580545686129,0.39767559373420924,0.5069078121075108,0.0,0.8297360726377349
2024-01-08,0.2191635178705269,0.40552143783554584,0.7836696386672922,0.6119252147549268,0.5435820145692036,1.0,0.7604455216989844
2024-03-20,0.9010088572594555,0.7134173383187772,0.47824629617215264,0.04648812531581603,0.8013062044712385,1.0,0.41141505078485696
2024-02-26,0.2661804449130045,0.17242257587304266,0.6857947308440034,0.2200606366851946,0.42250690781210753,1.0,0.6165166204986149
2024-03-12,0.10025413285768536,0.5124193258156993,0.047931889790172266,0.6397170288024254,0.8733986435568954,0.0,0.1313096337334565
2024-01-09,0.24673969977084198,0.1818225094501713,0.7903733994771066,0.6849418898433552,0.9510173323285604,0.0,0.7773353339489074
2024-04-05,0.31537073107239166,0.9252090546748377,0.0420325802775357,0.60055583628095,0.3697563426274806,0.0,0.12026777469990757
2024-01-19,0.9198270298650755,0.21431625574177815,0.8545954280351277,0.012127337038908559,0.12434061793519213,1.0,0.730166974453678
2024-03-19,0.48897206403023574,0.4456976436899822,0.618623047529664,0.04623547246083881,0.6428033157498116,0.0,0.5322214527546938
2024-02-27,0.6002644217557531,0.9677192558950765,0.9284708721592813,0.4674077817079333,0.945742275810098,0.0,0.863092489996922
2024-01-07,0.34926181723312766,0.41632373945935797,0.19568277803847955,0.8954017180394138,0.2863602110022607,0.0,0.29743767313019387
2024-03-30,0.9310635296358214,0.9261515386529027,0.6404773077696588,0.5133906013137948,0.11931675458427526,0.0,0.6221722068328718
2024-03-16,0.7723083124880077,0.02122520639875347,0.11818730307702618,0.4100555836280949,0.3923637277066063,0.0,0.1568174823022468
2024-01-07,0.2237534806849908,0.008493636841762964,0.5007709324931287,0.4307731177362304,0.12685254961065062,1.0,0.4893236380424747
2024-01-15,0.3442023030164023,0.28042012825335405,0.7161627673124623,0.6354219302678119,0.9291635267520724,0.0,0.705909510618652
2024-02-29,0.229391433863384,0.21655863816476995,0.33029429509955077,0.4909044972208185,0.5187138909821654,0.0,0.3517236072637734
2024-03-04,0.8119108538625142,0.8907569186625324,0.7413689079573639,0.3782213239009601,0.8143682491836222,0.0,0.6884425977223761
2024-02-03,0.8139093365318786,0.8873752196298028,0.3654890393510759,0.4423951490651844,0.8068324541572469,1.0,0.3746345029239766
2024-01-28,0.9765511247129552,0.8236911159076499,0.6386672923510088,0.7129863567458312,0.6588796784727455,1.0,0.6510080024622963
2024-01-28,0.4576629102265315,0.5071028919517175,0.9999999999999999,0.43784739767559366,0.040693293142426534,1.0,0.9201677439212065
2024-01-31,0.12239809518035827,0.13520381183957397,0.21291144331970235,0.27084386053562404,0.33057020849032903,0.0,0.21716297322252998
2024-02-08,0.7061042646373039,0.9621991468420674,0.02842394583361263,0.24507326932794338,0.7975383069580506,1.0,0.05442059095106183
2024-03-13,0.8871292555775199,0.9406522936188821,0.4435878527854126,0.5477513895907025,0.24441095202210494,1.0,0.4579101261926747
2024-03-26,0.1482361907483778,0.18414851119462128,0.017429778105517213,0.39868620515411823,0.9758854559155992,0.0,0.06834795321637421
2024-03-15,0.08962473682174732,0.5183393424165388,0.6349802239056109,0.1657402728650833,0.7196684250188394,1.0,0.5645006155740228
2024-01-28,0.6158875592962545,0.5325821899649554,0.4628276463095796,0.9418898433552301,0.6812358703843255,0.0,0.5344913819636812
2024-01-24,0.31841747135445075,0.16790267068336107,0.24193872762619828,0.6157150075795856,0.1858829439839237,1.0,0.2946675900277008
2024-02-22,0.11395156549235708,0.15543898334362893,0.5847690554401019,0.9156139464375948,0.9495101733232854,0.0,0.6354647583871961
2024-01-30,0.591148240610778,0.2667071178397009,0.7782395924113427,0.7246083880747853,0.43305702084903297,1.0,0.7729301323484149
2024-02-03,0.8371149547628534,0.9478130725236724,0.4069853187638265,0.016169782718544745,0.17910072846018588,0.0,0.3454524469067406
2024-02-02,0.26192550284037,0.8987535249348184,0.914661124891064,0.5133906013137948,0.100728460185883,0.0,0.858206371191136
2024-01-29,0.7183496750079144,0.9809146603951149,0.6379969162700275,0.5462354724608387,0.07359959809093208,0.0,0.6250384733764235
2024-04-09,0.03331871658633645,0.04595797919910183,0.8281155728363611,0.7602324406265792,0.196433057020849,1.0,0.8212911665127732
2024-03-25,0.033485992206067294,0.8913459578734546,0.9299456995374403,0.2422940879231935,0.3097211755840241,1.0,0.8300823330255463
2024-02-05,0.9431697059205248,0.8608479145239016,0.8369645371053162,0.7584638706417384,0.8364732479276564,1.0,0.8286395814096646
2024-02-23,0.5112753988414056,0.1842272966116525,0.9322249782127773,0.18191005558362805,0.7673951268525496,0.0,0.8228493382579255
2024-01-09,0.33814752213442034,0.1512463802577031,0.5231614935979084,0.44391106619504805,0.49786485807586023,1.0,0.5105994152046786
2024-01-12,0.2265365968706874,0.3525484026062031,0.683314339344372,0.3196058615462354,0.5609143431298669,0.0,0.6295398584179749
2024-01-02,0.3056880519371248,0.7456812589423407,0.9532747871555943,0.1664982314300152,0.557397638784225,1.0,0.8386234225915669
2024-02-11,0.44000135998845735,0.263525277646977,0.8010994167728095,0.5543203638201111,0.12057272042200462,0.0,0.7666782086795937
2024-02-26,0.8957785189170977,0.1505008744547922,0.07722732452906078,0.29383527033855483,0.4571715649334338,0.0,0.10385887965527846
2024-02-06,0.872877241953006,0.4490490788665511,0.736207012133807,0.2150075795856493,0.5538809344385833,1.0,0.6591451215758696
2024-03-21,0.38247094389805625,0.8674604367251959,0.3921700073741369,0.969934310257706,0.4800301431801055,1.0,0.4779355186211143
2024-01-06,0.5688169953530178,0.2463026617185733,0.08104846819065492,0.23345123799898948,0.8721426777191659,0.0,0.09795321637426901
2024-01-20,0.5085419579255586,0.7503428218777799,0.9588389086277401,0.3807478524507327,0.36900276312484315,1.0,0.8760387811634348
2024-03-29,0.7233517014910262,0.24862361273710576,0.9551518401823423,0.8984335522991411,0.4805325295151972,0.0,0.9516966759002771
2024-01-09,0.22574960883639505,0.8153662027366408,0.04907152912784074,0.43431025770591203,0.9500125596583773,1.0,0.10101184979993838
2024-02-08,0.34440256553438076,0.11812263812680612,0.10136086344439232,0.2263769580596261,0.3943732730469731,0.0,0.11436211141889813
2024-02-18,1.0,0.8788507893821134,0.3845277200509486,0.014401212733703872,0.7146445616679227,1.0,0.3258502616189596
2024-01-12,0.3554934576354185,0.8918055363850499,0.6015284574646377,0.7433046993431027,0.1833710123084652,0.0,0.6236534318251771
2024-02-09,0.8299725658758916,0.32174070385974574,0.8389756653482602,0.811520970186963,0.566942979150967,1.0,0.838450292397661
2024-02-21,0.13120708502913203,0.5122892206744609,0.44016893477240726,0.35800909550277926,0.5920622959055513,0.0,0.4260734072022162
2024-01-03,0.9995123156441537,0.08355573205074052,0.8411879064154991,0.05179383527033854,0.20899271539814113,1.0,0.7246652816251155
2024-03-04,0.01039571016821128,0.6839931970889666,0.29322249782127774,0.26376958059626077,0.15347902537051006,1.0,0.28522237611572787
2024-03-31,0.5925145661875035,0.8997656110685739,0.11704766373935777,0.6899949469429005,0.9444863099723688,0.0,0.19846491228070173
2024-02-10,0.26168833971479444,0.6985379142446391,0.010793054903801058,0.9348155634158666,0.22381311228334588,1.0,0.144275161588181
2024-02-20,0.18817857250280667,0.0,0.2155259100355299,0.20843860535624048,0.3710123084652097,1.0,0.20991074176669744
2024-01-20,0.546470674407999,0.4870594083785136,0.3396125226251927,0.016422435573521965,0.9633257975383069,0.0,0.28749230532471526
2024-03-18,0.8789782657302112,0.6162776836766852,0.32519943688409203,0.6834259727134917,0.6257221803566944,0.0,0.37665435518621115
2024-01-17,0.3638600570785684,0.8987512858892615,0.05061339411409799,0.04017180394138453,0.47550866616428045,0.0,0.04232071406586635
2024-03-12,0.8156796367682659,0.8759602633220993,0.5418649862572903,0.49216776149570474,0.3853303190153228,0.0,0.5340489381348108
2024-03-10,0.8927293792866635,0.8950638086419076,0.33458470201783197,0.7716018191005558,0.8774177342376288,0.0,0.39816097260695593
2024-02-14,0.6943017397728681,0.46159224993346015,0.05859086947777703,0.891611925214755,0.9575483546847525,0.0,0.17884349030470914
2024-02-26,0.7471480300072812,0.9821654043121271,0.41174498893879463,0.945932289034866,0.09118311981914096,0.0,0.4911318867343799
2024-01-20,0.6972447856883264,0.6662509801599299,0.4272977140175638,0.05229914098029309,0.1527254458678725,0.0,0.3684402893197908
2024-01-24,0.8336209397025414,0.541656078263145,0.6606556278071998,0.6988377968671047,0.597337352424014,1.0,0.6677823945829487
2024-02-19,0.2185322806405452,0.17309113133569554,0.10410940537641616,0.5270338554825669,0.6832454157246923,1.0,0.16251154201292706
2024-01-17,0.71729536206783,0.6707700896964752,0.314875645236978,0.3648307225871652,0.7452901281085154,1.0,0.3192520775623269
2024-02-22,0.05057174328163683,0.26740356016591704,0.1789233760139438,0.2612430520464881,0.15850288872142682,0.0,0.18644198214835328
2024-01-10,0.9503596793074962,0.8637897930461804,0.6756050144130857,0.2892875189489641,0.16804822908816885,1.0,0.6182863958140966
2024-01-07,0.5207496149471353,0.9778601298389731,0.6259971844204599,0.9269833249115715,0.16302436573725199,0.0,0.6726877500769469
2024-03-11,0.6697352122603206,0.439027447843614,0.2321512368438694,0.6803941384537646,0.9816628987691534,0.0,0.29609110495537083
2024-03-05,0.49161106722499426,0.22269897904971003,0.7102634577998258,0.5121273370389086,0.23034413463953773,0.0,0.6820560172360729
2024-02-29,0.3718620654844358,0.09930917506380865,0.49581014949386604,0.8246589186457807,0.35242401406681734,1.0,0.5450330871037243
2024-02-15,0.9120650867225777,0.29204976880237155,0.933967956023329,0.2559373420919656,0.7895001255965839,0.0,0.8356224992305327
2024-02-23,0.10792612280505409,0.385837579854865,0.35824897767647645,0.9530065689742295,0.9382064807837227,0.0,0.44615650969529086
2024-04-07,0.3254389994374378,0.6902928251312233,0.2647315143795669,0.671045982819606,0.7349912082391359,1.0,0.32271468144044324
2024-02-16,0.6306407286719491,0.658246116113105,0.559026613930415,0.7950985346134412,0.2951519718663651,1.0,0.5949522930132349
2024-03-17,0.6348255817083555,0.32309008969832576,0.1289803579808272,0.7958564931783729,0.9336850037678974,0.0,0.224857648507233
2024-01-05,0.9503376330086439,0.1636363831230483,0.01917275591606893,0.645022738756948,0.43079628234112044,1.0,0.10735995690981842
2024-04-06,0.8069542518184676,0.33474010052680114,0.49869276664208617,0.5138959070237494,0.3325797538306958,0.0,0.5001923668821175
2024-01-05,0.5600404244291894,0.9886281450434353,0.7946638063953878,0.29737241030823647,0.2622456669178599,0.0,0.722010618651893
2024-02-14,0.5529868266916083,0.08049057585617447,0.5353623382717705,0.03865588681152099,0.7641296156744535,0.0,0.45939135118498
2024-01-01,0.7786602975512551,0.4191533213444245,0.34028289870617423,0.30874178878221326,0.0,1.0,0.3325831024930749
2024-03-07,0.12090083294685883,0.5959393357649105,0.0803780921096735,0.37038908539666504,0.9364481286109017,1.0,0.11822868574946133
2024-02-14,0.3402141008239141,0.8540875682177784,0.7967419722464303,0.5942395149065185,0.42401406681738263,0.0,0.7690058479532166
2024-02-21,0.9173087300415546,0.9540138299720411,0.0238653884829389,0.4651339060131381,0.04169806581260993,1.0,0.08400661742074478
2024-03-09,0.3880883309029173,0.6614719111652221,0.5994502916135952,0.9901465386558868,0.3526752072343633,0.0,0.6594529085872577
2024-02-07,0.082782669429605,0.24399127741321536,0.9952403298250317,0.7933299646286003,0.392866114041698,0.0,0.9702023699599877
2024-03-25,0.7982312257507829,0.305898504345123,0.5191392371120198,0.07655381505811021,0.6777191660386837,0.0,0.4511965220067714
2024-02-27,0.718043486271597,0.8615655402276161,0.5488368974994972,0.6692774128347652,0.32328560663149974,1.0,0.5670206217297631
2024-01-07,0.6811218713086191,0.3059138304793123,0.7776362539384593,0.9706922688226378,0.2655111780959558,0.0,0.809883810403201
2024-01-07,0.3213685288356487,0.10322464279988708,0.06891466112489109,0.29914098029307734,0.3614669680984677,0.0,0.09751077254539858
2024-02-02,0.042207507091177376,0.2519358097828217,0.5946235838305289,0.6718039413845378,0.15800050238633523,0.0,0.6068213296398892
2024-01-26,0.7678597013153876,0.2253852972249888,0.13340484011530462,0.10459828196058618,0.4280331574981162,1.0,0.12340335487842408
2024-02-23,0.28257709876595527,0.11533844371058422,0.8982369109070188,0.412834765032845,0.33584526500879175,0.0,0.8287550015389352
2024-01-14,0.5643612891517478,0.353506994076497,0.00945230274183817,0.9651339060131381,0.49736247174076875,0.0,0.14773776546629735
2024-02-29,0.15282281551384358,0.8794647897275354,0.5753167526982638,0.3006568974229409,0.18814368249183622,0.0,0.5336834410587873
2024-03-20,0.13700212470837414,0.8830326917532147,0.8443386739961117,0.6376958059626074,0.9643305702084901,1.0,0.8165974145891045
2024-03-06,0.6975360243359887,0.39325559721612535,0.45612388549976535,0.028802425467407744,0.5810097965335344,0.0,0.38967759310557093
2024-04-04,0.13975353252885725,0.24662396608198378,0.1193269424146946,0.7961091460333503,0.8188897261994472,1.0,0.21658587257617723
2024-01-02,0.1436437334209586,0.24298559821261279,0.03593215794060467,0.4926730672056594,0.713890982165285,1.0,0.09858802708525694
2024-01-05,0.19186899695955617,0.14588894252869977,0.3984045049272641,0.6968165740272865,0.8816880180859081,1.0,0.44171283471837486
2024-02-14,0.6929640671879724,1.0,0.7081182543406851,0.0063163213744314994,0.816126601356443,1.0,0.6031855955678672
2024-02-26,0.6360355030604978,0.2569634369765481,0.3361936046121874,0.22081859525012637,0.18864606882692792,0.0,0.31567405355493994
2024-01-23,0.5678291876408252,0.6584999525920239,0.912448883823825,0.8559878726629613,0.8990203466465712,1.0,0.9084718374884581
2024-04-09,0.44238152562542155,0.4237699251339109,0.4472749212308105,0.7529055078322384,0.11152976639035428,1.0,0.4923245614035088
2024-04-01,0.4846087308076221,0.03476869957682993,0.6898840249379902,0.021980798383021694,0.0607887465460939,0.0,0.589873807325331
2024-01-25,0.9210735172131308,0.10170983852310655,0.9997318495676074,0.8057099545224862,0.8394875659382064,0.0,0.9759541397353032
2024-04-03,0.6712237526054423,0.1460853089140528,0.34712073473218474,0.8228903486609398,0.22506907812107502,1.0,0.4167628501077255
2024-01-03,0.18678213768367868,0.7370843712882333,0.9385265133740027,0.6351692774128348,0.7558402411454408,0.0,0.897295321637427
